cliente,fecha,servicio,producto,ubicacion,cantidad,monto_usd,monto_pen,año,mes
Cliente D,2023-01-01 00:00:00.000,Servicio 1,Producto A,Zona Norte,4,11386.16,42698.1,2023,1
Cliente E,2023-01-02 02:18:22.703,Servicio 1,Producto B,Zona Norte,12,2319.55,8698.31,2023,1
Cliente C,2023-01-03 04:36:45.405,Servicio 3,Producto C,Zona Sur,19,11705.19,43894.46,2023,1
Cliente E,2023-01-04 06:55:08.108,Servicio 2,Producto A,Zona Norte,2,3935.53,14758.24,2023,1
Cliente E,2023-01-05 09:13:30.811,Servicio 1,Producto C,Zona Norte,17,10322.2,38708.25,2023,1
Cliente B,2023-01-06 11:31:53.514,Servicio 3,Producto A,Zona Centro,11,8703.83,32639.36,2023,1
Cliente C,2023-01-07 13:50:16.216,Servicio 2,Producto B,Zona Centro,11,13972.6,52397.25,2023,1
Cliente C,2023-01-08 16:08:38.919,Servicio 1,Producto A,Zona Centro,16,6116.18,22935.68,2023,1
Cliente C,2023-01-09 18:27:01.622,Servicio 2,Producto A,Zona Centro,2,1459.4,5472.75,2023,1
Cliente E,2023-01-10 20:45:24.324,Servicio 3,Producto C,Zona Norte,2,777.75,2916.56,2023,1
Cliente D,2023-01-11 23:03:47.027,Servicio 1,Producto C,Zona Sur,8,12489.45,46835.44,2023,1
Cliente C,2023-01-13 01:22:09.730,Servicio 2,Producto B,Zona Norte,13,8108.67,30407.51,2023,1
Cliente E,2023-01-14 03:40:32.432,Servicio 1,Producto A,Zona Norte,10,11741.04,44028.9,2023,1
Cliente B,2023-01-15 05:58:55.135,Servicio 2,Producto A,Zona Norte,8,3899.17,14621.89,2023,1
Cliente D,2023-01-16 08:17:17.838,Servicio 3,Producto A,Zona Centro,4,5503.71,20638.91,2023,1
Cliente B,2023-01-17 10:35:40.541,Servicio 3,Producto B,Zona Centro,15,936.51,3511.91,2023,1
Cliente D,2023-01-18 12:54:03.243,Servicio 1,Producto B,Zona Centro,1,14441.64,54156.15,2023,1
Cliente E,2023-01-19 15:12:25.946,Servicio 2,Producto B,Zona Sur,11,10184.08,38190.3,2023,1
Cliente A,2023-01-20 17:30:48.649,Servicio 1,Producto B,Zona Norte,7,14031.47,52618.01,2023,1
Cliente D,2023-01-21 19:49:11.351,Servicio 1,Producto B,Zona Sur,17,4349.7,16311.38,2023,1
Cliente B,2023-01-22 22:07:34.054,Servicio 2,Producto C,Zona Centro,18,9366.22,35123.32,2023,1
Cliente E,2023-01-24 00:25:56.757,Servicio 2,Producto A,Zona Sur,12,10338.25,38768.44,2023,1
Cliente D,2023-01-25 02:44:19.459,Servicio 2,Producto A,Zona Norte,9,5104.47,19141.76,2023,1
Cliente A,2023-01-26 05:02:42.162,Servicio 3,Producto A,Zona Norte,5,12797.58,47990.92,2023,1
Cliente A,2023-01-27 07:21:04.865,Servicio 1,Producto A,Zona Centro,10,14233.84,53376.9,2023,1
Cliente C,2023-01-28 09:39:27.568,Servicio 1,Producto A,Zona Centro,4,13330.4,49989.0,2023,1
Cliente C,2023-01-29 11:57:50.270,Servicio 3,Producto A,Zona Sur,5,11216.47,42061.76,2023,1
Cliente B,2023-01-30 14:16:12.973,Servicio 2,Producto A,Zona Centro,10,4523.24,16962.15,2023,1
Cliente D,2023-01-31 16:34:35.676,Servicio 3,Producto A,Zona Centro,11,4583.43,17187.86,2023,1
Cliente D,2023-02-01 18:52:58.378,Servicio 3,Producto C,Zona Norte,10,14468.72,54257.7,2023,2
Cliente C,2023-02-02 21:11:21.081,Servicio 3,Producto A,Zona Centro,8,649.13,2434.24,2023,2
Cliente D,2023-02-03 23:29:43.784,Servicio 1,Producto C,Zona Centro,2,10882.72,40810.2,2023,2
Cliente D,2023-02-05 01:48:06.486,Servicio 3,Producto B,Zona Norte,8,10740.57,40277.14,2023,2
Cliente A,2023-02-06 04:06:29.189,Servicio 1,Producto A,Zona Norte,16,9529.0,35733.75,2023,2
Cliente C,2023-02-07 06:24:51.892,Servicio 1,Producto B,Zona Sur,5,14856.58,55712.18,2023,2
Cliente E,2023-02-08 08:43:14.595,Servicio 1,Producto B,Zona Centro,3,5022.25,18833.44,2023,2
Cliente C,2023-02-09 11:01:37.297,Servicio 2,Producto B,Zona Norte,12,5429.59,20360.96,2023,2
Cliente E,2023-02-10 13:20:00.000,Servicio 1,Producto C,Zona Sur,13,1644.62,6167.32,2023,2
Cliente A,2023-02-11 15:38:22.703,Servicio 1,Producto B,Zona Sur,13,6920.57,25952.14,2023,2
Cliente B,2023-02-12 17:56:45.405,Servicio 2,Producto B,Zona Centro,10,4285.2,16069.5,2023,2
Cliente D,2023-02-13 20:15:08.108,Servicio 1,Producto B,Zona Centro,4,5479.11,20546.66,2023,2
Cliente A,2023-02-14 22:33:30.811,Servicio 3,Producto A,Zona Sur,9,12601.29,47254.84,2023,2
Cliente D,2023-02-16 00:51:53.514,Servicio 3,Producto A,Zona Norte,2,14064.53,52741.99,2023,2
Cliente B,2023-02-17 03:10:16.216,Servicio 1,Producto C,Zona Sur,19,3193.13,11974.24,2023,2
Cliente B,2023-02-18 05:28:38.919,Servicio 2,Producto C,Zona Centro,1,5901.38,22130.18,2023,2
Cliente A,2023-02-19 07:47:01.622,Servicio 3,Producto A,Zona Norte,7,13965.14,52369.27,2023,2
Cliente B,2023-02-20 10:05:24.324,Servicio 2,Producto C,Zona Norte,17,1396.22,5235.82,2023,2
Cliente E,2023-02-21 12:23:47.027,Servicio 2,Producto A,Zona Sur,3,1839.23,6897.11,2023,2
Cliente B,2023-02-22 14:42:09.730,Servicio 3,Producto B,Zona Centro,3,2860.47,10726.76,2023,2
Cliente D,2023-02-23 17:00:32.432,Servicio 2,Producto B,Zona Sur,3,9130.59,34239.71,2023,2
Cliente D,2023-02-24 19:18:55.135,Servicio 3,Producto C,Zona Sur,17,2681.85,10056.94,2023,2
Cliente D,2023-02-25 21:37:17.838,Servicio 2,Producto A,Zona Sur,7,14537.11,54514.16,2023,2
Cliente D,2023-02-26 23:55:40.541,Servicio 3,Producto A,Zona Norte,14,6977.36,26165.1,2023,2
Cliente E,2023-02-28 02:14:03.243,Servicio 1,Producto C,Zona Norte,17,7772.01,29145.04,2023,2
Cliente C,2023-03-01 04:32:25.946,Servicio 3,Producto A,Zona Centro,18,4076.55,15287.06,2023,3
Cliente A,2023-03-02 06:50:48.649,Servicio 3,Producto B,Zona Centro,13,7328.92,27483.45,2023,3
Cliente D,2023-03-03 09:09:11.351,Servicio 3,Producto C,Zona Sur,18,10097.75,37866.56,2023,3
Cliente B,2023-03-04 11:27:34.054,Servicio 3,Producto C,Zona Sur,4,11392.07,42720.26,2023,3
Cliente D,2023-03-05 13:45:56.757,Servicio 2,Producto A,Zona Sur,1,11431.09,42866.59,2023,3
Cliente B,2023-03-06 16:04:19.459,Servicio 1,Producto C,Zona Centro,18,8879.42,33297.82,2023,3
Cliente B,2023-03-07 18:22:42.162,Servicio 3,Producto A,Zona Norte,1,13613.22,51049.58,2023,3
Cliente D,2023-03-08 20:41:04.865,Servicio 2,Producto A,Zona Norte,13,12352.41,46321.54,2023,3
Cliente E,2023-03-09 22:59:27.568,Servicio 1,Producto A,Zona Sur,10,11477.2,43039.5,2023,3
Cliente B,2023-03-11 01:17:50.270,Servicio 1,Producto A,Zona Sur,11,1306.28,4898.55,2023,3
Cliente B,2023-03-12 03:36:12.973,Servicio 1,Producto A,Zona Sur,9,599.73,2248.99,2023,3
Cliente D,2023-03-13 05:54:35.676,Servicio 1,Producto C,Zona Sur,9,3580.49,13426.84,2023,3
Cliente B,2023-03-14 08:12:58.378,Servicio 3,Producto B,Zona Centro,5,10121.09,37954.09,2023,3
Cliente B,2023-03-15 10:31:21.081,Servicio 3,Producto B,Zona Norte,1,6462.36,24233.85,2023,3
Cliente D,2023-03-16 12:49:43.784,Servicio 2,Producto C,Zona Sur,17,6334.89,23755.84,2023,3
Cliente D,2023-03-17 15:08:06.486,Servicio 2,Producto C,Zona Centro,2,13326.51,49974.41,2023,3
Cliente A,2023-03-18 17:26:29.189,Servicio 2,Producto B,Zona Sur,13,13485.66,50571.22,2023,3
Cliente E,2023-03-19 19:44:51.892,Servicio 1,Producto B,Zona Sur,9,13683.04,51311.4,2023,3
Cliente E,2023-03-20 22:03:14.595,Servicio 1,Producto B,Zona Norte,4,5051.23,18942.11,2023,3
Cliente B,2023-03-22 00:21:37.297,Servicio 3,Producto B,Zona Sur,5,10520.31,39451.16,2023,3
Cliente E,2023-03-23 02:40:00.000,Servicio 1,Producto B,Zona Norte,11,4438.68,16645.05,2023,3
Cliente B,2023-03-24 04:58:22.703,Servicio 1,Producto A,Zona Norte,19,3263.84,12239.4,2023,3
Cliente A,2023-03-25 07:16:45.405,Servicio 1,Producto C,Zona Norte,3,3177.17,11914.39,2023,3
Cliente D,2023-03-26 09:35:08.108,Servicio 2,Producto A,Zona Centro,12,5460.56,20477.1,2023,3
Cliente D,2023-03-27 11:53:30.811,Servicio 2,Producto B,Zona Centro,19,6734.39,25253.96,2023,3
Cliente D,2023-03-28 14:11:53.514,Servicio 3,Producto B,Zona Norte,19,12548.76,47057.85,2023,3
Cliente E,2023-03-29 16:30:16.216,Servicio 1,Producto B,Zona Sur,13,2238.42,8394.08,2023,3
Cliente A,2023-03-30 18:48:38.919,Servicio 1,Producto A,Zona Norte,7,11156.42,41836.57,2023,3
Cliente E,2023-03-31 21:07:01.622,Servicio 3,Producto A,Zona Sur,15,8206.1,30772.88,2023,3
Cliente E,2023-04-01 23:25:24.324,Servicio 1,Producto B,Zona Norte,7,4675.21,17532.04,2023,4
Cliente A,2023-04-03 01:43:47.027,Servicio 1,Producto A,Zona Sur,8,7645.88,28672.05,2023,4
Cliente A,2023-04-04 04:02:09.730,Servicio 2,Producto A,Zona Centro,5,4849.16,18184.35,2023,4
Cliente A,2023-04-05 06:20:32.432,Servicio 3,Producto B,Zona Sur,14,9143.19,34286.96,2023,4
Cliente A,2023-04-06 08:38:55.135,Servicio 3,Producto A,Zona Norte,4,6790.74,25465.28,2023,4
Cliente D,2023-04-07 10:57:17.838,Servicio 3,Producto C,Zona Centro,10,2883.88,10814.55,2023,4
Cliente C,2023-04-08 13:15:40.541,Servicio 3,Producto C,Zona Sur,15,2190.45,8214.19,2023,4
Cliente C,2023-04-09 15:34:03.243,Servicio 2,Producto C,Zona Sur,18,8427.09,31601.59,2023,4
Cliente A,2023-04-10 17:52:25.946,Servicio 2,Producto C,Zona Sur,13,13584.99,50943.71,2023,4
Cliente C,2023-04-11 20:10:48.649,Servicio 1,Producto B,Zona Sur,8,5487.39,20577.71,2023,4
Cliente C,2023-04-12 22:29:11.351,Servicio 1,Producto B,Zona Sur,9,11128.5,41731.88,2023,4
Cliente A,2023-04-14 00:47:34.054,Servicio 1,Producto B,Zona Centro,16,10050.59,37689.71,2023,4
Cliente C,2023-04-15 03:05:56.757,Servicio 1,Producto C,Zona Centro,19,14007.55,52528.31,2023,4
Cliente E,2023-04-16 05:24:19.459,Servicio 2,Producto C,Zona Centro,16,12404.22,46515.82,2023,4
Cliente B,2023-04-17 07:42:42.162,Servicio 3,Producto A,Zona Centro,7,8715.78,32684.18,2023,4
Cliente B,2023-04-18 10:01:04.865,Servicio 2,Producto A,Zona Norte,14,10026.94,37601.02,2023,4
Cliente A,2023-04-19 12:19:27.568,Servicio 1,Producto C,Zona Centro,14,13526.6,50724.75,2023,4
Cliente D,2023-04-20 14:37:50.270,Servicio 2,Producto C,Zona Sur,4,6293.02,23598.82,2023,4
Cliente A,2023-04-21 16:56:12.973,Servicio 3,Producto C,Zona Sur,15,5238.52,19644.45,2023,4
Cliente D,2023-04-22 19:14:35.676,Servicio 3,Producto C,Zona Centro,3,656.76,2462.85,2023,4
Cliente B,2023-04-23 21:32:58.378,Servicio 2,Producto A,Zona Sur,5,12484.99,46818.71,2023,4
Cliente A,2023-04-24 23:51:21.081,Servicio 2,Producto C,Zona Centro,1,12114.22,45428.32,2023,4
Cliente E,2023-04-26 02:09:43.784,Servicio 2,Producto A,Zona Sur,3,2014.59,7554.71,2023,4
Cliente C,2023-04-27 04:28:06.486,Servicio 1,Producto C,Zona Norte,15,8864.43,33241.61,2023,4
Cliente D,2023-04-28 06:46:29.189,Servicio 2,Producto C,Zona Norte,8,7227.73,27103.99,2023,4
Cliente C,2023-04-29 09:04:51.892,Servicio 2,Producto C,Zona Centro,4,2221.28,8329.8,2023,4
Cliente C,2023-04-30 11:23:14.595,Servicio 2,Producto A,Zona Centro,2,14718.24,55193.4,2023,4
Cliente A,2023-05-01 13:41:37.297,Servicio 3,Producto A,Zona Centro,10,3613.09,13549.09,2023,5
Cliente C,2023-05-02 16:00:00.000,Servicio 3,Producto B,Zona Sur,4,1474.9,5530.88,2023,5
Cliente E,2023-05-03 18:18:22.703,Servicio 1,Producto C,Zona Centro,3,9125.29,34219.84,2023,5
Cliente C,2023-05-04 20:36:45.405,Servicio 1,Producto B,Zona Norte,2,11213.57,42050.89,2023,5
Cliente A,2023-05-05 22:55:08.108,Servicio 3,Producto B,Zona Sur,17,970.43,3639.11,2023,5
Cliente E,2023-05-07 01:13:30.811,Servicio 3,Producto A,Zona Centro,13,10051.41,37692.79,2023,5
Cliente B,2023-05-08 03:31:53.514,Servicio 3,Producto A,Zona Sur,5,8218.23,30818.36,2023,5
Cliente C,2023-05-09 05:50:16.216,Servicio 2,Producto B,Zona Sur,9,1997.34,7490.02,2023,5
Cliente A,2023-05-10 08:08:38.919,Servicio 2,Producto C,Zona Centro,6,3001.6,11256.0,2023,5
Cliente B,2023-05-11 10:27:01.622,Servicio 3,Producto A,Zona Sur,5,8735.63,32758.61,2023,5
Cliente B,2023-05-12 12:45:24.324,Servicio 2,Producto C,Zona Norte,10,4797.19,17989.46,2023,5
Cliente D,2023-05-13 15:03:47.027,Servicio 2,Producto C,Zona Norte,8,14105.58,52895.92,2023,5
Cliente E,2023-05-14 17:22:09.730,Servicio 1,Producto B,Zona Sur,7,12371.73,46393.99,2023,5
Cliente C,2023-05-15 19:40:32.432,Servicio 3,Producto B,Zona Centro,7,14761.72,55356.45,2023,5
Cliente A,2023-05-16 21:58:55.135,Servicio 3,Producto B,Zona Sur,6,4265.23,15994.61,2023,5
Cliente D,2023-05-18 00:17:17.838,Servicio 2,Producto B,Zona Norte,3,14560.99,54603.71,2023,5
Cliente E,2023-05-19 02:35:40.541,Servicio 3,Producto A,Zona Sur,19,6752.89,25323.34,2023,5
Cliente D,2023-05-20 04:54:03.243,Servicio 1,Producto A,Zona Sur,15,5539.02,20771.32,2023,5
Cliente E,2023-05-21 07:12:25.946,Servicio 1,Producto B,Zona Norte,4,1230.07,4612.76,2023,5
Cliente E,2023-05-22 09:30:48.649,Servicio 1,Producto A,Zona Sur,12,1265.1,4744.12,2023,5
Cliente C,2023-05-23 11:49:11.351,Servicio 3,Producto B,Zona Sur,6,10534.16,39503.1,2023,5
Cliente E,2023-05-24 14:07:34.054,Servicio 3,Producto C,Zona Centro,19,7139.97,26774.89,2023,5
Cliente D,2023-05-25 16:25:56.757,Servicio 3,Producto C,Zona Centro,4,3784.56,14192.1,2023,5
Cliente E,2023-05-26 18:44:19.459,Servicio 3,Producto C,Zona Norte,15,9402.57,35259.64,2023,5
Cliente C,2023-05-27 21:02:42.162,Servicio 3,Producto B,Zona Norte,9,4166.44,15624.15,2023,5
Cliente C,2023-05-28 23:21:04.865,Servicio 1,Producto C,Zona Norte,5,8875.66,33283.72,2023,5
Cliente D,2023-05-30 01:39:27.568,Servicio 2,Producto A,Zona Centro,13,5708.53,21406.99,2023,5
Cliente B,2023-05-31 03:57:50.270,Servicio 1,Producto C,Zona Norte,18,12441.51,46655.66,2023,5
Cliente B,2023-06-01 06:16:12.973,Servicio 3,Producto C,Zona Norte,5,12400.09,46500.34,2023,6
Cliente E,2023-06-02 08:34:35.676,Servicio 1,Producto C,Zona Norte,16,7421.58,27830.92,2023,6
Cliente A,2023-06-03 10:52:58.378,Servicio 3,Producto A,Zona Centro,19,5586.88,20950.8,2023,6
Cliente E,2023-06-04 13:11:21.081,Servicio 3,Producto B,Zona Sur,14,5757.12,21589.2,2023,6
Cliente D,2023-06-05 15:29:43.784,Servicio 1,Producto A,Zona Norte,16,12182.86,45685.73,2023,6
Cliente D,2023-06-06 17:48:06.486,Servicio 3,Producto B,Zona Sur,15,5258.6,19719.75,2023,6
Cliente D,2023-06-07 20:06:29.189,Servicio 2,Producto B,Zona Norte,4,3531.36,13242.6,2023,6
Cliente D,2023-06-08 22:24:51.892,Servicio 3,Producto C,Zona Sur,7,1727.98,6479.92,2023,6
Cliente D,2023-06-10 00:43:14.595,Servicio 2,Producto B,Zona Centro,16,7267.05,27251.44,2023,6
Cliente C,2023-06-11 03:01:37.297,Servicio 2,Producto A,Zona Centro,8,7490.92,28090.95,2023,6
Cliente B,2023-06-12 05:20:00.000,Servicio 3,Producto A,Zona Norte,17,12693.18,47599.42,2023,6
Cliente D,2023-06-13 07:38:22.703,Servicio 1,Producto B,Zona Sur,16,3707.96,13904.85,2023,6
Cliente A,2023-06-14 09:56:45.405,Servicio 2,Producto C,Zona Centro,10,6024.37,22591.39,2023,6
Cliente A,2023-06-15 12:15:08.108,Servicio 1,Producto C,Zona Norte,10,12221.88,45832.05,2023,6
Cliente A,2023-06-16 14:33:30.811,Servicio 2,Producto A,Zona Norte,2,12442.54,46659.52,2023,6
Cliente A,2023-06-17 16:51:53.514,Servicio 3,Producto C,Zona Centro,9,6076.86,22788.22,2023,6
Cliente C,2023-06-18 19:10:16.216,Servicio 3,Producto B,Zona Centro,17,7157.3,26839.88,2023,6
Cliente A,2023-06-19 21:28:38.919,Servicio 2,Producto B,Zona Norte,11,4897.65,18366.19,2023,6
Cliente D,2023-06-20 23:47:01.622,Servicio 3,Producto A,Zona Sur,10,14022.05,52582.69,2023,6
Cliente E,2023-06-22 02:05:24.324,Servicio 2,Producto B,Zona Sur,17,2220.33,8326.24,2023,6
Cliente A,2023-06-23 04:23:47.027,Servicio 3,Producto A,Zona Sur,4,14039.37,52647.64,2023,6
Cliente C,2023-06-24 06:42:09.730,Servicio 1,Producto B,Zona Norte,16,10416.06,39060.22,2023,6
Cliente C,2023-06-25 09:00:32.432,Servicio 3,Producto A,Zona Centro,15,8207.8,30779.25,2023,6
Cliente A,2023-06-26 11:18:55.135,Servicio 1,Producto C,Zona Norte,5,973.56,3650.85,2023,6
Cliente E,2023-06-27 13:37:17.838,Servicio 3,Producto B,Zona Centro,6,7396.14,27735.52,2023,6
Cliente A,2023-06-28 15:55:40.541,Servicio 1,Producto B,Zona Sur,17,6412.35,24046.31,2023,6
Cliente C,2023-06-29 18:14:03.243,Servicio 3,Producto A,Zona Sur,1,2837.67,10641.26,2023,6
Cliente B,2023-06-30 20:32:25.946,Servicio 1,Producto A,Zona Centro,19,10017.94,37567.28,2023,6
Cliente D,2023-07-01 22:50:48.649,Servicio 2,Producto B,Zona Centro,4,14581.69,54681.34,2023,7
Cliente C,2023-07-03 01:09:11.351,Servicio 2,Producto A,Zona Norte,17,8651.74,32444.02,2023,7
Cliente A,2023-07-04 03:27:34.054,Servicio 1,Producto B,Zona Sur,9,10863.92,40739.7,2023,7
Cliente D,2023-07-05 05:45:56.757,Servicio 3,Producto C,Zona Norte,2,1492.53,5596.99,2023,7
Cliente A,2023-07-06 08:04:19.459,Servicio 1,Producto A,Zona Norte,8,6556.17,24585.64,2023,7
Cliente A,2023-07-07 10:22:42.162,Servicio 3,Producto B,Zona Norte,15,2187.2,8202.0,2023,7
Cliente B,2023-07-08 12:41:04.865,Servicio 2,Producto C,Zona Sur,7,9385.54,35195.78,2023,7
Cliente D,2023-07-09 14:59:27.568,Servicio 3,Producto C,Zona Norte,6,14107.99,52904.96,2023,7
Cliente D,2023-07-10 17:17:50.270,Servicio 2,Producto B,Zona Norte,1,10095.78,37859.18,2023,7
Cliente B,2023-07-11 19:36:12.973,Servicio 3,Producto A,Zona Norte,15,1613.64,6051.15,2023,7
Cliente C,2023-07-12 21:54:35.676,Servicio 3,Producto B,Zona Norte,7,5642.66,21159.98,2023,7
Cliente A,2023-07-14 00:12:58.378,Servicio 3,Producto C,Zona Norte,17,8484.62,31817.33,2023,7
Cliente E,2023-07-15 02:31:21.081,Servicio 1,Producto B,Zona Norte,2,6346.51,23799.41,2023,7
Cliente A,2023-07-16 04:49:43.784,Servicio 1,Producto A,Zona Sur,9,12587.84,47204.4,2023,7
Cliente A,2023-07-17 07:08:06.486,Servicio 2,Producto C,Zona Norte,9,12312.73,46172.74,2023,7
Cliente C,2023-07-18 09:26:29.189,Servicio 2,Producto B,Zona Centro,13,9371.55,35143.31,2023,7
Cliente A,2023-07-19 11:44:51.892,Servicio 1,Producto A,Zona Norte,6,5915.14,22181.78,2023,7
Cliente B,2023-07-20 14:03:14.595,Servicio 2,Producto C,Zona Norte,6,4202.38,15758.92,2023,7
Cliente B,2023-07-21 16:21:37.297,Servicio 1,Producto A,Zona Sur,3,2035.18,7631.92,2023,7
Cliente D,2023-07-22 18:40:00.000,Servicio 3,Producto C,Zona Sur,17,5646.02,21172.58,2023,7
Cliente E,2023-07-23 20:58:22.703,Servicio 2,Producto B,Zona Centro,17,6491.0,24341.25,2023,7
Cliente A,2023-07-24 23:16:45.405,Servicio 2,Producto A,Zona Centro,12,10299.43,38622.86,2023,7
Cliente A,2023-07-26 01:35:08.108,Servicio 1,Producto C,Zona Sur,16,10043.32,37662.45,2023,7
Cliente C,2023-07-27 03:53:30.811,Servicio 2,Producto A,Zona Sur,15,1516.57,5687.14,2023,7
Cliente B,2023-07-28 06:11:53.514,Servicio 2,Producto A,Zona Norte,13,6231.26,23367.22,2023,7
Cliente E,2023-07-29 08:30:16.216,Servicio 3,Producto B,Zona Sur,1,3135.79,11759.21,2023,7
Cliente D,2023-07-30 10:48:38.919,Servicio 2,Producto A,Zona Centro,17,2773.78,10401.68,2023,7
Cliente B,2023-07-31 13:07:01.622,Servicio 3,Producto C,Zona Norte,3,12495.88,46859.55,2023,7
Cliente D,2023-08-01 15:25:24.324,Servicio 1,Producto C,Zona Centro,15,1107.77,4154.14,2023,8
Cliente C,2023-08-02 17:43:47.027,Servicio 2,Producto C,Zona Norte,4,6578.15,24668.06,2023,8
Cliente C,2023-08-03 20:02:09.730,Servicio 3,Producto C,Zona Sur,4,2938.95,11021.06,2023,8
Cliente A,2023-08-04 22:20:32.432,Servicio 1,Producto B,Zona Centro,18,13250.29,49688.59,2023,8
Cliente E,2023-08-06 00:38:55.135,Servicio 2,Producto A,Zona Norte,17,8577.09,32164.09,2023,8
Cliente D,2023-08-07 02:57:17.838,Servicio 1,Producto B,Zona Norte,19,3855.02,14456.32,2023,8
Cliente B,2023-08-08 05:15:40.541,Servicio 2,Producto A,Zona Sur,11,7785.2,29194.5,2023,8
Cliente C,2023-08-09 07:34:03.243,Servicio 1,Producto A,Zona Sur,3,11106.55,41649.56,2023,8
Cliente A,2023-08-10 09:52:25.946,Servicio 1,Producto A,Zona Sur,8,14392.71,53972.66,2023,8
Cliente A,2023-08-11 12:10:48.649,Servicio 3,Producto B,Zona Centro,14,3696.47,13861.76,2023,8
Cliente D,2023-08-12 14:29:11.351,Servicio 1,Producto A,Zona Norte,1,13349.64,50061.15,2023,8
Cliente C,2023-08-13 16:47:34.054,Servicio 2,Producto B,Zona Sur,14,14047.41,52677.79,2023,8
Cliente E,2023-08-14 19:05:56.757,Servicio 2,Producto C,Zona Centro,2,13788.1,51705.38,2023,8
Cliente C,2023-08-15 21:24:19.459,Servicio 3,Producto C,Zona Centro,4,9713.51,36425.66,2023,8
Cliente D,2023-08-16 23:42:42.162,Servicio 2,Producto A,Zona Centro,19,9632.4,36121.5,2023,8
Cliente D,2023-08-18 02:01:04.865,Servicio 2,Producto B,Zona Sur,6,6346.55,23799.56,2023,8
Cliente C,2023-08-19 04:19:27.568,Servicio 2,Producto C,Zona Sur,1,11409.77,42786.64,2023,8
Cliente D,2023-08-20 06:37:50.270,Servicio 1,Producto B,Zona Norte,17,8203.76,30764.1,2023,8
Cliente C,2023-08-21 08:56:12.973,Servicio 1,Producto B,Zona Norte,8,10322.85,38710.69,2023,8
Cliente B,2023-08-22 11:14:35.676,Servicio 2,Producto A,Zona Sur,19,6712.64,25172.4,2023,8
Cliente C,2023-08-23 13:32:58.378,Servicio 3,Producto C,Zona Centro,1,11106.7,41650.12,2023,8
Cliente C,2023-08-24 15:51:21.081,Servicio 1,Producto A,Zona Centro,5,12454.84,46705.65,2023,8
Cliente D,2023-08-25 18:09:43.784,Servicio 3,Producto A,Zona Centro,16,2623.33,9837.49,2023,8
Cliente D,2023-08-26 20:28:06.486,Servicio 2,Producto C,Zona Norte,6,12577.48,47165.55,2023,8
Cliente A,2023-08-27 22:46:29.189,Servicio 2,Producto C,Zona Centro,8,8334.3,31253.62,2023,8
Cliente A,2023-08-29 01:04:51.892,Servicio 1,Producto B,Zona Norte,13,12747.66,47803.72,2023,8
Cliente B,2023-08-30 03:23:14.595,Servicio 2,Producto C,Zona Norte,16,6753.87,25327.01,2023,8
Cliente A,2023-08-31 05:41:37.297,Servicio 1,Producto B,Zona Centro,3,5996.09,22485.34,2023,8
Cliente C,2023-09-01 08:00:00.000,Servicio 2,Producto B,Zona Centro,19,13768.38,51631.42,2023,9
Cliente D,2023-09-02 10:18:22.703,Servicio 2,Producto B,Zona Sur,12,4141.95,15532.31,2023,9
Cliente A,2023-09-03 12:36:45.405,Servicio 1,Producto C,Zona Sur,16,12741.08,47779.05,2023,9
Cliente A,2023-09-04 14:55:08.108,Servicio 1,Producto A,Zona Centro,11,7518.3,28193.62,2023,9
Cliente B,2023-09-05 17:13:30.811,Servicio 1,Producto B,Zona Norte,10,7954.38,29828.92,2023,9
Cliente B,2023-09-06 19:31:53.514,Servicio 2,Producto A,Zona Norte,4,4972.79,18647.96,2023,9
Cliente C,2023-09-07 21:50:16.216,Servicio 2,Producto A,Zona Norte,12,8809.11,33034.16,2023,9
Cliente D,2023-09-09 00:08:38.919,Servicio 3,Producto C,Zona Norte,2,5215.56,19558.35,2023,9
Cliente B,2023-09-10 02:27:01.622,Servicio 1,Producto A,Zona Norte,19,1069.41,4010.29,2023,9
Cliente A,2023-09-11 04:45:24.324,Servicio 2,Producto A,Zona Sur,5,4443.98,16664.92,2023,9
Cliente D,2023-09-12 07:03:47.027,Servicio 2,Producto C,Zona Centro,8,592.5,2221.88,2023,9
Cliente D,2023-09-13 09:22:09.730,Servicio 1,Producto B,Zona Sur,7,14686.14,55073.02,2023,9
Cliente A,2023-09-14 11:40:32.432,Servicio 3,Producto A,Zona Norte,14,14503.33,54387.49,2023,9
Cliente B,2023-09-15 13:58:55.135,Servicio 1,Producto C,Zona Norte,3,6229.75,23361.56,2023,9
Cliente A,2023-09-16 16:17:17.838,Servicio 3,Producto A,Zona Norte,18,11061.38,41480.17,2023,9
Cliente D,2023-09-17 18:35:40.541,Servicio 2,Producto A,Zona Norte,16,5514.19,20678.21,2023,9
Cliente E,2023-09-18 20:54:03.243,Servicio 3,Producto B,Zona Centro,19,10230.85,38365.69,2023,9
Cliente E,2023-09-19 23:12:25.946,Servicio 2,Producto A,Zona Norte,19,12178.74,45670.28,2023,9
Cliente C,2023-09-21 01:30:48.649,Servicio 1,Producto C,Zona Centro,18,14227.97,53354.89,2023,9
Cliente A,2023-09-22 03:49:11.351,Servicio 1,Producto A,Zona Norte,16,6303.08,23636.55,2023,9
Cliente A,2023-09-23 06:07:34.054,Servicio 1,Producto B,Zona Centro,8,11857.82,44466.82,2023,9
Cliente C,2023-09-24 08:25:56.757,Servicio 3,Producto B,Zona Sur,1,4355.96,16334.85,2023,9
Cliente C,2023-09-25 10:44:19.459,Servicio 2,Producto C,Zona Norte,17,14859.82,55724.32,2023,9
Cliente C,2023-09-26 13:02:42.162,Servicio 1,Producto B,Zona Centro,12,873.66,3276.22,2023,9
Cliente D,2023-09-27 15:21:04.865,Servicio 1,Producto A,Zona Sur,11,9251.17,34691.89,2023,9
Cliente A,2023-09-28 17:39:27.568,Servicio 2,Producto B,Zona Norte,5,10062.84,37735.65,2023,9
Cliente D,2023-09-29 19:57:50.270,Servicio 1,Producto C,Zona Norte,12,10476.66,39287.48,2023,9
Cliente C,2023-09-30 22:16:12.973,Servicio 2,Producto B,Zona Norte,17,2245.62,8421.07,2023,9
Cliente A,2023-10-02 00:34:35.676,Servicio 2,Producto B,Zona Centro,6,14108.68,52907.55,2023,10
Cliente D,2023-10-03 02:52:58.378,Servicio 2,Producto B,Zona Centro,1,3127.16,11726.85,2023,10
Cliente D,2023-10-04 05:11:21.081,Servicio 2,Producto C,Zona Sur,5,9529.92,35737.2,2023,10
Cliente C,2023-10-05 07:29:43.784,Servicio 2,Producto B,Zona Centro,14,3728.8,13983.0,2023,10
Cliente A,2023-10-06 09:48:06.486,Servicio 3,Producto B,Zona Centro,5,4954.64,18579.9,2023,10
Cliente C,2023-10-07 12:06:29.189,Servicio 1,Producto A,Zona Norte,1,8423.65,31588.69,2023,10
Cliente A,2023-10-08 14:24:51.892,Servicio 3,Producto C,Zona Norte,18,6549.3,24559.88,2023,10
Cliente E,2023-10-09 16:43:14.595,Servicio 1,Producto B,Zona Norte,16,2823.27,10587.26,2023,10
Cliente B,2023-10-10 19:01:37.297,Servicio 3,Producto C,Zona Norte,9,2978.58,11169.68,2023,10
Cliente B,2023-10-11 21:20:00.000,Servicio 2,Producto B,Zona Norte,19,6563.1,24611.62,2023,10
Cliente B,2023-10-12 23:38:22.703,Servicio 1,Producto B,Zona Norte,5,11480.6,43052.25,2023,10
Cliente C,2023-10-14 01:56:45.405,Servicio 1,Producto B,Zona Norte,2,13520.49,50701.84,2023,10
Cliente E,2023-10-15 04:15:08.108,Servicio 3,Producto A,Zona Sur,15,1719.85,6449.44,2023,10
Cliente A,2023-10-16 06:33:30.811,Servicio 3,Producto A,Zona Sur,7,6200.01,23250.04,2023,10
Cliente D,2023-10-17 08:51:53.514,Servicio 1,Producto A,Zona Sur,4,1953.56,7325.85,2023,10
Cliente A,2023-10-18 11:10:16.216,Servicio 3,Producto C,Zona Sur,1,740.59,2777.21,2023,10
Cliente D,2023-10-19 13:28:38.919,Servicio 3,Producto C,Zona Norte,13,10094.92,37855.95,2023,10
Cliente A,2023-10-20 15:47:01.622,Servicio 3,Producto A,Zona Sur,7,9235.52,34633.2,2023,10
Cliente E,2023-10-21 18:05:24.324,Servicio 2,Producto C,Zona Norte,15,2863.78,10739.18,2023,10
Cliente D,2023-10-22 20:23:47.027,Servicio 2,Producto B,Zona Sur,14,3890.29,14588.59,2023,10
Cliente C,2023-10-23 22:42:09.730,Servicio 3,Producto B,Zona Centro,19,843.76,3164.1,2023,10
Cliente A,2023-10-25 01:00:32.432,Servicio 3,Producto B,Zona Sur,18,12606.73,47275.24,2023,10
Cliente A,2023-10-26 03:18:55.135,Servicio 2,Producto A,Zona Sur,10,14633.01,54873.79,2023,10
Cliente D,2023-10-27 05:37:17.838,Servicio 2,Producto C,Zona Norte,9,2464.16,9240.6,2023,10
Cliente C,2023-10-28 07:55:40.541,Servicio 1,Producto A,Zona Sur,8,3856.39,14461.46,2023,10
Cliente C,2023-10-29 10:14:03.243,Servicio 1,Producto C,Zona Centro,10,13091.94,49094.78,2023,10
Cliente E,2023-10-30 12:32:25.946,Servicio 2,Producto B,Zona Norte,17,13933.73,52251.49,2023,10
Cliente C,2023-10-31 14:50:48.649,Servicio 3,Producto A,Zona Norte,2,6584.6,24692.25,2023,10
Cliente C,2023-11-01 17:09:11.351,Servicio 3,Producto C,Zona Sur,6,1234.03,4627.61,2023,11
Cliente C,2023-11-02 19:27:34.054,Servicio 3,Producto C,Zona Norte,5,1071.18,4016.92,2023,11
Cliente B,2023-11-03 21:45:56.757,Servicio 3,Producto B,Zona Norte,9,8822.27,33083.51,2023,11
Cliente E,2023-11-05 00:04:19.459,Servicio 1,Producto A,Zona Norte,5,6196.98,23238.68,2023,11
Cliente A,2023-11-06 02:22:42.162,Servicio 2,Producto A,Zona Norte,18,915.46,3432.98,2023,11
Cliente D,2023-11-07 04:41:04.865,Servicio 3,Producto A,Zona Norte,9,8957.16,33589.35,2023,11
Cliente A,2023-11-08 06:59:27.568,Servicio 1,Producto B,Zona Norte,17,663.89,2489.59,2023,11
Cliente E,2023-11-09 09:17:50.270,Servicio 3,Producto A,Zona Centro,17,11916.89,44688.34,2023,11
Cliente D,2023-11-10 11:36:12.973,Servicio 2,Producto B,Zona Sur,12,4943.28,18537.3,2023,11
Cliente E,2023-11-11 13:54:35.676,Servicio 1,Producto B,Zona Centro,7,1083.74,4064.02,2023,11
Cliente C,2023-11-12 16:12:58.378,Servicio 2,Producto B,Zona Norte,3,9031.11,33866.66,2023,11
Cliente D,2023-11-13 18:31:21.081,Servicio 2,Producto C,Zona Norte,10,6266.42,23499.08,2023,11
Cliente C,2023-11-14 20:49:43.784,Servicio 1,Producto A,Zona Sur,2,14620.11,54825.41,2023,11
Cliente A,2023-11-15 23:08:06.486,Servicio 1,Producto A,Zona Centro,3,8390.88,31465.8,2023,11
Cliente A,2023-11-17 01:26:29.189,Servicio 1,Producto B,Zona Sur,16,4490.97,16841.14,2023,11
Cliente D,2023-11-18 03:44:51.892,Servicio 1,Producto B,Zona Centro,2,10786.86,40450.73,2023,11
Cliente D,2023-11-19 06:03:14.595,Servicio 1,Producto A,Zona Norte,10,4436.63,16637.36,2023,11
Cliente E,2023-11-20 08:21:37.297,Servicio 1,Producto B,Zona Sur,6,13611.53,51043.24,2023,11
Cliente E,2023-11-21 10:40:00.000,Servicio 1,Producto A,Zona Sur,11,5933.47,22250.51,2023,11
Cliente C,2023-11-22 12:58:22.703,Servicio 3,Producto C,Zona Norte,7,8473.09,31774.09,2023,11
Cliente D,2023-11-23 15:16:45.405,Servicio 2,Producto B,Zona Sur,15,1233.31,4624.91,2023,11
Cliente A,2023-11-24 17:35:08.108,Servicio 1,Producto A,Zona Centro,6,6678.76,25045.35,2023,11
Cliente E,2023-11-25 19:53:30.811,Servicio 3,Producto B,Zona Centro,9,12569.27,47134.76,2023,11
Cliente E,2023-11-26 22:11:53.514,Servicio 3,Producto A,Zona Centro,12,12181.91,45682.16,2023,11
Cliente A,2023-11-28 00:30:16.216,Servicio 3,Producto A,Zona Centro,19,3752.62,14072.32,2023,11
Cliente E,2023-11-29 02:48:38.919,Servicio 2,Producto B,Zona Norte,3,3778.15,14168.06,2023,11
Cliente C,2023-11-30 05:07:01.622,Servicio 1,Producto C,Zona Sur,15,12350.93,46315.99,2023,11
Cliente D,2023-12-01 07:25:24.324,Servicio 3,Producto A,Zona Centro,2,13990.78,52465.42,2023,12
Cliente A,2023-12-02 09:43:47.027,Servicio 2,Producto A,Zona Norte,2,1882.73,7060.24,2023,12
Cliente D,2023-12-03 12:02:09.730,Servicio 2,Producto A,Zona Sur,3,7025.85,26346.94,2023,12
Cliente E,2023-12-04 14:20:32.432,Servicio 2,Producto C,Zona Sur,6,5393.09,20224.09,2023,12
Cliente E,2023-12-05 16:38:55.135,Servicio 3,Producto C,Zona Norte,15,13124.98,49218.68,2023,12
Cliente A,2023-12-06 18:57:17.838,Servicio 1,Producto B,Zona Norte,10,1711.11,6416.66,2023,12
Cliente C,2023-12-07 21:15:40.541,Servicio 3,Producto C,Zona Centro,9,3561.33,13354.99,2023,12
Cliente B,2023-12-08 23:34:03.243,Servicio 3,Producto B,Zona Sur,1,11410.79,42790.46,2023,12
Cliente A,2023-12-10 01:52:25.946,Servicio 1,Producto B,Zona Sur,16,1243.76,4664.1,2023,12
Cliente B,2023-12-11 04:10:48.649,Servicio 1,Producto C,Zona Norte,6,7641.76,28656.6,2023,12
Cliente B,2023-12-12 06:29:11.351,Servicio 1,Producto B,Zona Sur,9,6910.55,25914.56,2023,12
Cliente C,2023-12-13 08:47:34.054,Servicio 2,Producto C,Zona Centro,4,5348.82,20058.07,2023,12
Cliente B,2023-12-14 11:05:56.757,Servicio 1,Producto B,Zona Sur,2,6221.3,23329.88,2023,12
Cliente B,2023-12-15 13:24:19.459,Servicio 3,Producto C,Zona Norte,4,8184.14,30690.52,2023,12
Cliente C,2023-12-16 15:42:42.162,Servicio 1,Producto C,Zona Norte,1,2839.83,10649.36,2023,12
Cliente B,2023-12-17 18:01:04.865,Servicio 3,Producto B,Zona Centro,19,8793.94,32977.28,2023,12
Cliente B,2023-12-18 20:19:27.568,Servicio 2,Producto A,Zona Centro,10,12178.77,45670.39,2023,12
Cliente B,2023-12-19 22:37:50.270,Servicio 3,Producto B,Zona Sur,15,11522.33,43208.74,2023,12
Cliente A,2023-12-21 00:56:12.973,Servicio 3,Producto C,Zona Sur,19,2731.55,10243.31,2023,12
Cliente A,2023-12-22 03:14:35.676,Servicio 1,Producto A,Zona Norte,16,2664.12,9990.45,2023,12
Cliente A,2023-12-23 05:32:58.378,Servicio 1,Producto B,Zona Centro,4,4388.53,16456.99,2023,12
Cliente C,2023-12-24 07:51:21.081,Servicio 3,Producto B,Zona Centro,2,5735.58,21508.42,2023,12
Cliente E,2023-12-25 10:09:43.784,Servicio 1,Producto B,Zona Centro,13,6422.61,24084.79,2023,12
Cliente B,2023-12-26 12:28:06.486,Servicio 2,Producto A,Zona Sur,1,10355.61,38833.54,2023,12
Cliente B,2023-12-27 14:46:29.189,Servicio 2,Producto C,Zona Centro,17,1321.87,4957.01,2023,12
Cliente C,2023-12-28 17:04:51.892,Servicio 1,Producto B,Zona Norte,13,1002.75,3760.31,2023,12
Cliente B,2023-12-29 19:23:14.595,Servicio 2,Producto B,Zona Norte,4,6182.7,23185.12,2023,12
Cliente A,2023-12-30 21:41:37.297,Servicio 1,Producto B,Zona Sur,7,10608.87,39783.26,2023,12
Cliente E,2024-01-01 00:00:00.000,Servicio 3,Producto B,Zona Sur,17,3304.81,12393.04,2024,1
Cliente D,2024-01-02 02:18:22.703,Servicio 3,Producto B,Zona Centro,9,9801.81,36756.79,2024,1
Cliente B,2024-01-03 04:36:45.405,Servicio 2,Producto C,Zona Sur,4,4267.51,16003.16,2024,1
Cliente A,2024-01-04 06:55:08.108,Servicio 1,Producto C,Zona Norte,19,13348.25,50055.94,2024,1
Cliente D,2024-01-05 09:13:30.811,Servicio 1,Producto B,Zona Centro,1,13487.5,50578.12,2024,1
Cliente E,2024-01-06 11:31:53.514,Servicio 2,Producto A,Zona Norte,10,4810.66,18039.97,2024,1
Cliente D,2024-01-07 13:50:16.216,Servicio 3,Producto C,Zona Centro,4,3834.91,14380.91,2024,1
Cliente A,2024-01-08 16:08:38.919,Servicio 2,Producto A,Zona Sur,9,6463.91,24239.66,2024,1
Cliente D,2024-01-09 18:27:01.622,Servicio 3,Producto C,Zona Centro,13,3987.71,14953.91,2024,1
Cliente C,2024-01-10 20:45:24.324,Servicio 1,Producto B,Zona Centro,14,10249.57,38435.89,2024,1
Cliente D,2024-01-11 23:03:47.027,Servicio 3,Producto C,Zona Norte,10,12477.94,46792.28,2024,1
Cliente B,2024-01-13 01:22:09.730,Servicio 2,Producto B,Zona Norte,6,10259.84,38474.4,2024,1
Cliente B,2024-01-14 03:40:32.432,Servicio 1,Producto C,Zona Centro,16,12453.08,46699.05,2024,1
Cliente C,2024-01-15 05:58:55.135,Servicio 2,Producto B,Zona Sur,6,6256.39,23461.46,2024,1
Cliente A,2024-01-16 08:17:17.838,Servicio 2,Producto B,Zona Sur,17,2766.6,10374.75,2024,1
Cliente B,2024-01-17 10:35:40.541,Servicio 3,Producto B,Zona Norte,10,11200.29,42001.09,2024,1
Cliente E,2024-01-18 12:54:03.243,Servicio 2,Producto B,Zona Sur,18,5726.88,21475.8,2024,1
Cliente B,2024-01-19 15:12:25.946,Servicio 3,Producto A,Zona Norte,18,10233.43,38375.36,2024,1
Cliente B,2024-01-20 17:30:48.649,Servicio 1,Producto B,Zona Sur,3,4424.34,16591.28,2024,1
Cliente A,2024-01-21 19:49:11.351,Servicio 3,Producto A,Zona Centro,15,1677.83,6291.86,2024,1
Cliente D,2024-01-22 22:07:34.054,Servicio 1,Producto A,Zona Norte,15,14892.44,55846.65,2024,1
Cliente B,2024-01-24 00:25:56.757,Servicio 3,Producto B,Zona Norte,4,2764.92,10368.45,2024,1
Cliente C,2024-01-25 02:44:19.459,Servicio 2,Producto A,Zona Centro,9,14832.1,55620.38,2024,1
Cliente D,2024-01-26 05:02:42.162,Servicio 3,Producto C,Zona Norte,19,14670.56,55014.6,2024,1
Cliente E,2024-01-27 07:21:04.865,Servicio 3,Producto B,Zona Sur,17,12010.36,45038.85,2024,1
Cliente A,2024-01-28 09:39:27.568,Servicio 1,Producto A,Zona Sur,11,10061.63,37731.11,2024,1
Cliente E,2024-01-29 11:57:50.270,Servicio 2,Producto B,Zona Norte,9,8878.2,33293.25,2024,1
Cliente D,2024-01-30 14:16:12.973,Servicio 3,Producto B,Zona Sur,10,13058.47,48969.26,2024,1
Cliente D,2024-01-31 16:34:35.676,Servicio 2,Producto B,Zona Norte,18,4696.87,17613.26,2024,1
Cliente D,2024-02-01 18:52:58.378,Servicio 3,Producto A,Zona Centro,13,7281.38,27305.18,2024,2
Cliente E,2024-02-02 21:11:21.081,Servicio 3,Producto C,Zona Norte,8,9481.15,35554.31,2024,2
Cliente D,2024-02-03 23:29:43.784,Servicio 2,Producto C,Zona Centro,7,6462.26,24233.48,2024,2
Cliente E,2024-02-05 01:48:06.486,Servicio 3,Producto A,Zona Sur,17,6698.55,25119.56,2024,2
Cliente D,2024-02-06 04:06:29.189,Servicio 2,Producto B,Zona Centro,15,5289.13,19834.24,2024,2
Cliente C,2024-02-07 06:24:51.892,Servicio 3,Producto A,Zona Sur,15,8681.36,32555.1,2024,2
Cliente D,2024-02-08 08:43:14.595,Servicio 1,Producto A,Zona Norte,1,12833.33,48124.99,2024,2
Cliente E,2024-02-09 11:01:37.297,Servicio 2,Producto A,Zona Sur,14,3422.16,12833.1,2024,2
Cliente B,2024-02-10 13:20:00.000,Servicio 3,Producto B,Zona Norte,5,14049.28,52684.8,2024,2
Cliente D,2024-02-11 15:38:22.703,Servicio 3,Producto A,Zona Norte,11,10491.77,39344.14,2024,2
Cliente B,2024-02-12 17:56:45.405,Servicio 1,Producto B,Zona Centro,16,12437.46,46640.48,2024,2
Cliente C,2024-02-13 20:15:08.108,Servicio 2,Producto A,Zona Centro,2,8564.77,32117.89,2024,2
Cliente A,2024-02-14 22:33:30.811,Servicio 3,Producto C,Zona Centro,8,11802.99,44261.21,2024,2
Cliente C,2024-02-16 00:51:53.514,Servicio 1,Producto A,Zona Centro,11,734.91,2755.91,2024,2
Cliente D,2024-02-17 03:10:16.216,Servicio 3,Producto A,Zona Sur,18,12366.52,46374.45,2024,2
Cliente B,2024-02-18 05:28:38.919,Servicio 2,Producto C,Zona Sur,3,1082.01,4057.54,2024,2
Cliente B,2024-02-19 07:47:01.622,Servicio 3,Producto B,Zona Sur,1,13403.74,50264.02,2024,2
Cliente E,2024-02-20 10:05:24.324,Servicio 3,Producto B,Zona Norte,11,14883.46,55812.98,2024,2
Cliente B,2024-02-21 12:23:47.027,Servicio 3,Producto A,Zona Sur,16,4763.98,17864.92,2024,2
Cliente E,2024-02-22 14:42:09.730,Servicio 3,Producto C,Zona Sur,18,3549.62,13311.08,2024,2
Cliente A,2024-02-23 17:00:32.432,Servicio 1,Producto B,Zona Sur,16,11597.77,43491.64,2024,2
Cliente D,2024-02-24 19:18:55.135,Servicio 1,Producto A,Zona Centro,10,4168.88,15633.3,2024,2
Cliente E,2024-02-25 21:37:17.838,Servicio 2,Producto C,Zona Sur,18,13050.65,48939.94,2024,2
Cliente A,2024-02-26 23:55:40.541,Servicio 1,Producto B,Zona Norte,6,1991.22,7467.08,2024,2
Cliente B,2024-02-28 02:14:03.243,Servicio 1,Producto B,Zona Centro,19,2326.35,8723.81,2024,2
Cliente B,2024-02-29 04:32:25.946,Servicio 2,Producto C,Zona Norte,4,14697.7,55116.38,2024,2
Cliente A,2024-03-01 06:50:48.649,Servicio 1,Producto C,Zona Sur,13,10270.66,38514.98,2024,3
Cliente B,2024-03-02 09:09:11.351,Servicio 1,Producto C,Zona Centro,14,12779.86,47924.48,2024,3
Cliente A,2024-03-03 11:27:34.054,Servicio 2,Producto C,Zona Norte,3,5202.78,19510.42,2024,3
Cliente E,2024-03-04 13:45:56.757,Servicio 2,Producto A,Zona Sur,10,10309.01,38658.79,2024,3
Cliente E,2024-03-05 16:04:19.459,Servicio 2,Producto C,Zona Norte,6,9116.51,34186.91,2024,3
Cliente A,2024-03-06 18:22:42.162,Servicio 3,Producto B,Zona Norte,1,9245.68,34671.3,2024,3
Cliente E,2024-03-07 20:41:04.865,Servicio 3,Producto B,Zona Norte,14,10396.72,38987.7,2024,3
Cliente E,2024-03-08 22:59:27.568,Servicio 2,Producto A,Zona Sur,8,8842.71,33160.16,2024,3
Cliente E,2024-03-10 01:17:50.270,Servicio 2,Producto B,Zona Sur,19,6721.4,25205.25,2024,3
Cliente C,2024-03-11 03:36:12.973,Servicio 2,Producto B,Zona Norte,14,4500.88,16878.3,2024,3
Cliente D,2024-03-12 05:54:35.676,Servicio 3,Producto C,Zona Centro,10,11644.43,43666.61,2024,3
Cliente B,2024-03-13 08:12:58.378,Servicio 3,Producto B,Zona Centro,17,3780.95,14178.56,2024,3
Cliente C,2024-03-14 10:31:21.081,Servicio 1,Producto A,Zona Sur,9,10539.14,39521.77,2024,3
Cliente E,2024-03-15 12:49:43.784,Servicio 1,Producto C,Zona Sur,6,3883.33,14562.49,2024,3
Cliente A,2024-03-16 15:08:06.486,Servicio 2,Producto C,Zona Sur,11,9567.29,35877.34,2024,3
Cliente E,2024-03-17 17:26:29.189,Servicio 3,Producto A,Zona Sur,7,11332.63,42497.36,2024,3
Cliente D,2024-03-18 19:44:51.892,Servicio 3,Producto C,Zona Sur,17,3671.35,13767.56,2024,3
Cliente E,2024-03-19 22:03:14.595,Servicio 3,Producto C,Zona Centro,1,1369.18,5134.42,2024,3
Cliente A,2024-03-21 00:21:37.297,Servicio 2,Producto A,Zona Sur,5,2399.12,8996.7,2024,3
Cliente D,2024-03-22 02:40:00.000,Servicio 1,Producto C,Zona Norte,9,9286.96,34826.1,2024,3
Cliente E,2024-03-23 04:58:22.703,Servicio 2,Producto A,Zona Norte,18,12816.97,48063.64,2024,3
Cliente D,2024-03-24 07:16:45.405,Servicio 1,Producto A,Zona Centro,2,1152.45,4321.69,2024,3
Cliente B,2024-03-25 09:35:08.108,Servicio 1,Producto B,Zona Norte,11,11145.19,41794.46,2024,3
Cliente B,2024-03-26 11:53:30.811,Servicio 2,Producto B,Zona Centro,6,5449.12,20434.2,2024,3
Cliente E,2024-03-27 14:11:53.514,Servicio 1,Producto C,Zona Centro,8,7438.66,27894.98,2024,3
Cliente D,2024-03-28 16:30:16.216,Servicio 1,Producto C,Zona Norte,4,13968.46,52381.72,2024,3
Cliente A,2024-03-29 18:48:38.919,Servicio 3,Producto A,Zona Sur,18,5313.59,19925.96,2024,3
Cliente E,2024-03-30 21:07:01.622,Servicio 1,Producto C,Zona Norte,11,7247.39,27177.71,2024,3
Cliente B,2024-03-31 23:25:24.324,Servicio 2,Producto A,Zona Norte,5,698.4,2619.0,2024,3
Cliente B,2024-04-02 01:43:47.027,Servicio 2,Producto A,Zona Centro,15,1683.18,6311.92,2024,4
Cliente E,2024-04-03 04:02:09.730,Servicio 1,Producto C,Zona Norte,18,4249.58,15935.92,2024,4
Cliente D,2024-04-04 06:20:32.432,Servicio 3,Producto A,Zona Centro,2,903.86,3389.48,2024,4
Cliente B,2024-04-05 08:38:55.135,Servicio 3,Producto B,Zona Sur,11,9654.94,36206.02,2024,4
Cliente D,2024-04-06 10:57:17.838,Servicio 1,Producto C,Zona Sur,13,6682.78,25060.42,2024,4
Cliente B,2024-04-07 13:15:40.541,Servicio 1,Producto B,Zona Sur,4,8448.11,31680.41,2024,4
Cliente B,2024-04-08 15:34:03.243,Servicio 2,Producto C,Zona Norte,7,3032.38,11371.42,2024,4
Cliente C,2024-04-09 17:52:25.946,Servicio 1,Producto A,Zona Centro,11,4791.01,17966.29,2024,4
Cliente B,2024-04-10 20:10:48.649,Servicio 3,Producto C,Zona Sur,4,10125.45,37970.44,2024,4
Cliente A,2024-04-11 22:29:11.351,Servicio 1,Producto B,Zona Centro,15,14496.89,54363.34,2024,4
Cliente E,2024-04-13 00:47:34.054,Servicio 2,Producto A,Zona Centro,1,1231.04,4616.4,2024,4
Cliente E,2024-04-14 03:05:56.757,Servicio 2,Producto C,Zona Sur,3,13410.57,50289.64,2024,4
Cliente D,2024-04-15 05:24:19.459,Servicio 2,Producto C,Zona Sur,14,8864.78,33242.93,2024,4
Cliente B,2024-04-16 07:42:42.162,Servicio 2,Producto C,Zona Centro,6,8676.83,32538.11,2024,4
Cliente A,2024-04-17 10:01:04.865,Servicio 2,Producto B,Zona Sur,18,7754.04,29077.65,2024,4
Cliente D,2024-04-18 12:19:27.568,Servicio 1,Producto B,Zona Centro,1,1506.21,5648.29,2024,4
Cliente C,2024-04-19 14:37:50.270,Servicio 1,Producto C,Zona Centro,6,1803.21,6762.04,2024,4
Cliente D,2024-04-20 16:56:12.973,Servicio 1,Producto A,Zona Sur,6,9213.22,34549.57,2024,4
Cliente D,2024-04-21 19:14:35.676,Servicio 1,Producto A,Zona Norte,16,5443.9,20414.62,2024,4
Cliente B,2024-04-22 21:32:58.378,Servicio 2,Producto B,Zona Sur,5,13800.39,51751.46,2024,4
Cliente C,2024-04-23 23:51:21.081,Servicio 3,Producto A,Zona Norte,17,6395.56,23983.35,2024,4
Cliente D,2024-04-25 02:09:43.784,Servicio 1,Producto B,Zona Centro,10,2577.58,9665.92,2024,4
Cliente A,2024-04-26 04:28:06.486,Servicio 3,Producto C,Zona Centro,18,10863.42,40737.82,2024,4
Cliente A,2024-04-27 06:46:29.189,Servicio 1,Producto B,Zona Norte,7,4753.62,17826.08,2024,4
Cliente E,2024-04-28 09:04:51.892,Servicio 1,Producto B,Zona Centro,3,8119.32,30447.45,2024,4
Cliente C,2024-04-29 11:23:14.595,Servicio 3,Producto C,Zona Norte,13,10618.58,39819.68,2024,4
Cliente C,2024-04-30 13:41:37.297,Servicio 2,Producto A,Zona Norte,15,13553.83,50826.86,2024,4
Cliente E,2024-05-01 16:00:00.000,Servicio 1,Producto B,Zona Centro,19,11986.77,44950.39,2024,5
Cliente D,2024-05-02 18:18:22.703,Servicio 1,Producto B,Zona Norte,3,10307.24,38652.15,2024,5
Cliente C,2024-05-03 20:36:45.405,Servicio 1,Producto C,Zona Sur,4,10354.68,38830.05,2024,5
Cliente A,2024-05-04 22:55:08.108,Servicio 3,Producto A,Zona Sur,5,14215.91,53309.66,2024,5
Cliente A,2024-05-06 01:13:30.811,Servicio 2,Producto B,Zona Centro,1,4789.45,17960.44,2024,5
Cliente B,2024-05-07 03:31:53.514,Servicio 3,Producto C,Zona Centro,4,516.13,1935.49,2024,5
Cliente C,2024-05-08 05:50:16.216,Servicio 3,Producto B,Zona Norte,12,4443.34,16662.53,2024,5
Cliente D,2024-05-09 08:08:38.919,Servicio 2,Producto C,Zona Norte,10,3659.43,13722.86,2024,5
Cliente E,2024-05-10 10:27:01.622,Servicio 3,Producto A,Zona Norte,13,10096.6,37862.25,2024,5
Cliente E,2024-05-11 12:45:24.324,Servicio 2,Producto A,Zona Norte,14,9688.82,36333.07,2024,5
Cliente D,2024-05-12 15:03:47.027,Servicio 1,Producto A,Zona Sur,5,9105.19,34144.46,2024,5
Cliente B,2024-05-13 17:22:09.730,Servicio 2,Producto A,Zona Sur,4,735.53,2758.24,2024,5
Cliente E,2024-05-14 19:40:32.432,Servicio 1,Producto B,Zona Centro,14,11067.28,41502.3,2024,5
Cliente C,2024-05-15 21:58:55.135,Servicio 3,Producto B,Zona Norte,10,5191.19,19466.96,2024,5
Cliente B,2024-05-17 00:17:17.838,Servicio 3,Producto A,Zona Norte,17,10143.31,38037.41,2024,5
Cliente C,2024-05-18 02:35:40.541,Servicio 1,Producto A,Zona Centro,10,8570.39,32138.96,2024,5
Cliente A,2024-05-19 04:54:03.243,Servicio 3,Producto A,Zona Norte,7,5469.6,20511.0,2024,5
Cliente B,2024-05-20 07:12:25.946,Servicio 2,Producto B,Zona Norte,16,2451.36,9192.6,2024,5
Cliente E,2024-05-21 09:30:48.649,Servicio 1,Producto A,Zona Norte,1,1869.07,7009.01,2024,5
Cliente B,2024-05-22 11:49:11.351,Servicio 3,Producto A,Zona Norte,17,12557.02,47088.82,2024,5
Cliente B,2024-05-23 14:07:34.054,Servicio 1,Producto A,Zona Norte,9,13816.76,51812.85,2024,5
Cliente B,2024-05-24 16:25:56.757,Servicio 2,Producto C,Zona Centro,6,9921.93,37207.24,2024,5
Cliente B,2024-05-25 18:44:19.459,Servicio 2,Producto A,Zona Norte,19,1999.79,7499.21,2024,5
Cliente C,2024-05-26 21:02:42.162,Servicio 3,Producto C,Zona Centro,13,6329.39,23735.21,2024,5
Cliente A,2024-05-27 23:21:04.865,Servicio 2,Producto C,Zona Norte,3,11069.62,41511.08,2024,5
Cliente D,2024-05-29 01:39:27.568,Servicio 1,Producto A,Zona Sur,7,11807.4,44277.75,2024,5
Cliente B,2024-05-30 03:57:50.270,Servicio 2,Producto C,Zona Sur,9,2214.17,8303.14,2024,5
Cliente E,2024-05-31 06:16:12.973,Servicio 1,Producto A,Zona Sur,5,500.45,1876.69,2024,5
Cliente B,2024-06-01 08:34:35.676,Servicio 1,Producto B,Zona Sur,10,10825.99,40597.46,2024,6
Cliente E,2024-06-02 10:52:58.378,Servicio 2,Producto B,Zona Centro,17,5670.64,21264.9,2024,6
Cliente C,2024-06-03 13:11:21.081,Servicio 3,Producto B,Zona Centro,12,4189.98,15712.42,2024,6
Cliente E,2024-06-04 15:29:43.784,Servicio 2,Producto B,Zona Norte,16,687.01,2576.29,2024,6
Cliente D,2024-06-05 17:48:06.486,Servicio 1,Producto C,Zona Sur,3,8334.34,31253.78,2024,6
Cliente A,2024-06-06 20:06:29.189,Servicio 1,Producto A,Zona Centro,9,12841.69,48156.34,2024,6
Cliente E,2024-06-07 22:24:51.892,Servicio 2,Producto A,Zona Norte,15,14385.66,53946.22,2024,6
Cliente E,2024-06-09 00:43:14.595,Servicio 3,Producto A,Zona Norte,5,8703.3,32637.37,2024,6
Cliente A,2024-06-10 03:01:37.297,Servicio 3,Producto B,Zona Centro,13,7959.69,29848.84,2024,6
Cliente D,2024-06-11 05:20:00.000,Servicio 1,Producto B,Zona Sur,14,1733.32,6499.95,2024,6
Cliente B,2024-06-12 07:38:22.703,Servicio 1,Producto A,Zona Norte,15,8458.66,31719.98,2024,6
Cliente E,2024-06-13 09:56:45.405,Servicio 3,Producto B,Zona Sur,16,6009.7,22536.38,2024,6
Cliente A,2024-06-14 12:15:08.108,Servicio 2,Producto A,Zona Sur,13,9303.46,34887.98,2024,6
Cliente C,2024-06-15 14:33:30.811,Servicio 1,Producto A,Zona Sur,17,6136.53,23011.99,2024,6
Cliente A,2024-06-16 16:51:53.514,Servicio 1,Producto A,Zona Norte,8,3984.34,14941.28,2024,6
Cliente C,2024-06-17 19:10:16.216,Servicio 3,Producto A,Zona Sur,2,1877.0,7038.75,2024,6
Cliente D,2024-06-18 21:28:38.919,Servicio 2,Producto A,Zona Norte,5,5066.32,18998.7,2024,6
Cliente B,2024-06-19 23:47:01.622,Servicio 3,Producto A,Zona Sur,6,1901.35,7130.06,2024,6
Cliente A,2024-06-21 02:05:24.324,Servicio 2,Producto A,Zona Norte,12,3065.01,11493.79,2024,6
Cliente E,2024-06-22 04:23:47.027,Servicio 2,Producto B,Zona Sur,18,14816.37,55561.39,2024,6
Cliente D,2024-06-23 06:42:09.730,Servicio 2,Producto A,Zona Centro,1,6939.5,26023.12,2024,6
Cliente A,2024-06-24 09:00:32.432,Servicio 1,Producto A,Zona Sur,17,8212.14,30795.52,2024,6
Cliente E,2024-06-25 11:18:55.135,Servicio 3,Producto B,Zona Sur,11,13167.47,49378.01,2024,6
Cliente A,2024-06-26 13:37:17.838,Servicio 3,Producto B,Zona Norte,10,14935.75,56009.06,2024,6
Cliente C,2024-06-27 15:55:40.541,Servicio 2,Producto B,Zona Norte,19,8949.36,33560.1,2024,6
Cliente A,2024-06-28 18:14:03.243,Servicio 1,Producto A,Zona Sur,14,12280.87,46053.26,2024,6
Cliente A,2024-06-29 20:32:25.946,Servicio 1,Producto C,Zona Centro,10,5240.64,19652.4,2024,6
Cliente A,2024-06-30 22:50:48.649,Servicio 3,Producto C,Zona Centro,15,4933.29,18499.84,2024,6
Cliente D,2024-07-02 01:09:11.351,Servicio 1,Producto B,Zona Norte,19,6339.2,23772.0,2024,7
Cliente A,2024-07-03 03:27:34.054,Servicio 1,Producto C,Zona Centro,4,10251.36,38442.6,2024,7
Cliente E,2024-07-04 05:45:56.757,Servicio 2,Producto B,Zona Sur,2,10391.78,38969.18,2024,7
Cliente C,2024-07-05 08:04:19.459,Servicio 1,Producto A,Zona Norte,9,5070.97,19016.14,2024,7
Cliente C,2024-07-06 10:22:42.162,Servicio 2,Producto C,Zona Sur,10,2431.54,9118.28,2024,7
Cliente A,2024-07-07 12:41:04.865,Servicio 3,Producto A,Zona Norte,11,9669.75,36261.56,2024,7
Cliente D,2024-07-08 14:59:27.568,Servicio 1,Producto C,Zona Norte,14,2360.73,8852.74,2024,7
Cliente D,2024-07-09 17:17:50.270,Servicio 3,Producto A,Zona Norte,7,8888.14,33330.52,2024,7
Cliente E,2024-07-10 19:36:12.973,Servicio 3,Producto C,Zona Norte,15,10554.62,39579.83,2024,7
Cliente A,2024-07-11 21:54:35.676,Servicio 1,Producto A,Zona Centro,19,10658.87,39970.76,2024,7
Cliente C,2024-07-13 00:12:58.378,Servicio 1,Producto A,Zona Sur,15,11425.35,42845.06,2024,7
Cliente D,2024-07-14 02:31:21.081,Servicio 3,Producto C,Zona Sur,8,13156.46,49336.72,2024,7
Cliente A,2024-07-15 04:49:43.784,Servicio 1,Producto A,Zona Sur,11,7749.41,29060.29,2024,7
Cliente D,2024-07-16 07:08:06.486,Servicio 2,Producto A,Zona Norte,9,11088.61,41582.29,2024,7
Cliente D,2024-07-17 09:26:29.189,Servicio 2,Producto A,Zona Centro,15,9478.0,35542.5,2024,7
Cliente C,2024-07-18 11:44:51.892,Servicio 1,Producto C,Zona Sur,1,3206.28,12023.55,2024,7
Cliente B,2024-07-19 14:03:14.595,Servicio 3,Producto C,Zona Centro,1,872.5,3271.88,2024,7
Cliente E,2024-07-20 16:21:37.297,Servicio 1,Producto A,Zona Norte,19,4625.85,17346.94,2024,7
Cliente E,2024-07-21 18:40:00.000,Servicio 1,Producto A,Zona Sur,3,6923.99,25964.96,2024,7
Cliente C,2024-07-22 20:58:22.703,Servicio 3,Producto C,Zona Centro,10,9448.04,35430.15,2024,7
Cliente D,2024-07-23 23:16:45.405,Servicio 3,Producto C,Zona Norte,8,12824.41,48091.54,2024,7
Cliente A,2024-07-25 01:35:08.108,Servicio 2,Producto A,Zona Centro,15,3345.56,12545.85,2024,7
Cliente D,2024-07-26 03:53:30.811,Servicio 3,Producto A,Zona Sur,10,2320.47,8701.76,2024,7
Cliente C,2024-07-27 06:11:53.514,Servicio 2,Producto A,Zona Sur,1,14470.46,54264.22,2024,7
Cliente E,2024-07-28 08:30:16.216,Servicio 3,Producto B,Zona Norte,18,2066.65,7749.94,2024,7
Cliente D,2024-07-29 10:48:38.919,Servicio 1,Producto C,Zona Norte,2,7438.12,27892.95,2024,7
Cliente E,2024-07-30 13:07:01.622,Servicio 2,Producto B,Zona Norte,19,8990.67,33715.01,2024,7
Cliente A,2024-07-31 15:25:24.324,Servicio 2,Producto C,Zona Centro,13,8349.93,31312.24,2024,7
Cliente E,2024-08-01 17:43:47.027,Servicio 2,Producto C,Zona Centro,1,1747.47,6553.01,2024,8
Cliente E,2024-08-02 20:02:09.730,Servicio 1,Producto C,Zona Centro,2,1326.89,4975.84,2024,8
Cliente B,2024-08-03 22:20:32.432,Servicio 1,Producto C,Zona Norte,16,2029.51,7610.66,2024,8
Cliente B,2024-08-05 00:38:55.135,Servicio 1,Producto C,Zona Sur,15,8991.02,33716.33,2024,8
Cliente B,2024-08-06 02:57:17.838,Servicio 1,Producto C,Zona Sur,13,8393.0,31473.75,2024,8
Cliente E,2024-08-07 05:15:40.541,Servicio 1,Producto C,Zona Centro,16,3889.24,14584.65,2024,8
Cliente C,2024-08-08 07:34:03.243,Servicio 2,Producto B,Zona Centro,17,9747.73,36553.99,2024,8
Cliente E,2024-08-09 09:52:25.946,Servicio 1,Producto A,Zona Sur,7,12390.98,46466.18,2024,8
Cliente C,2024-08-10 12:10:48.649,Servicio 2,Producto A,Zona Sur,17,1102.89,4135.84,2024,8
Cliente C,2024-08-11 14:29:11.351,Servicio 1,Producto B,Zona Centro,7,7722.88,28960.8,2024,8
Cliente B,2024-08-12 16:47:34.054,Servicio 3,Producto B,Zona Centro,13,10495.0,39356.25,2024,8
Cliente D,2024-08-13 19:05:56.757,Servicio 2,Producto B,Zona Sur,5,4158.52,15594.45,2024,8
Cliente A,2024-08-14 21:24:19.459,Servicio 3,Producto B,Zona Norte,17,4962.68,18610.05,2024,8
Cliente B,2024-08-15 23:42:42.162,Servicio 2,Producto C,Zona Centro,3,9397.75,35241.56,2024,8
Cliente B,2024-08-17 02:01:04.865,Servicio 3,Producto A,Zona Sur,7,13520.06,50700.22,2024,8
Cliente D,2024-08-18 04:19:27.568,Servicio 1,Producto C,Zona Sur,17,12243.9,45914.62,2024,8
Cliente A,2024-08-19 06:37:50.270,Servicio 1,Producto A,Zona Sur,7,8955.39,33582.71,2024,8
Cliente E,2024-08-20 08:56:12.973,Servicio 1,Producto A,Zona Sur,1,11088.21,41580.79,2024,8
Cliente E,2024-08-21 11:14:35.676,Servicio 2,Producto B,Zona Norte,17,5789.93,21712.24,2024,8
Cliente B,2024-08-22 13:32:58.378,Servicio 3,Producto C,Zona Sur,17,9794.0,36727.5,2024,8
Cliente A,2024-08-23 15:51:21.081,Servicio 1,Producto B,Zona Centro,11,7259.63,27223.61,2024,8
Cliente B,2024-08-24 18:09:43.784,Servicio 3,Producto C,Zona Norte,3,3254.07,12202.76,2024,8
Cliente C,2024-08-25 20:28:06.486,Servicio 3,Producto A,Zona Sur,15,10675.2,40032.0,2024,8
Cliente B,2024-08-26 22:46:29.189,Servicio 1,Producto B,Zona Norte,11,8568.74,32132.78,2024,8
Cliente B,2024-08-28 01:04:51.892,Servicio 1,Producto B,Zona Centro,16,5700.01,21375.04,2024,8
Cliente E,2024-08-29 03:23:14.595,Servicio 3,Producto A,Zona Sur,9,13714.42,51429.08,2024,8
Cliente E,2024-08-30 05:41:37.297,Servicio 1,Producto A,Zona Centro,1,803.54,3013.27,2024,8
Cliente E,2024-08-31 08:00:00.000,Servicio 1,Producto A,Zona Sur,16,5078.71,19045.16,2024,8
Cliente C,2024-09-01 10:18:22.703,Servicio 1,Producto B,Zona Sur,9,1324.78,4967.92,2024,9
Cliente E,2024-09-02 12:36:45.405,Servicio 2,Producto C,Zona Sur,19,11614.65,43554.94,2024,9
Cliente A,2024-09-03 14:55:08.108,Servicio 3,Producto B,Zona Sur,12,10680.56,40052.1,2024,9
Cliente D,2024-09-04 17:13:30.811,Servicio 3,Producto C,Zona Sur,19,5304.61,19892.29,2024,9
Cliente A,2024-09-05 19:31:53.514,Servicio 2,Producto B,Zona Norte,9,10297.11,38614.16,2024,9
Cliente A,2024-09-06 21:50:16.216,Servicio 3,Producto B,Zona Sur,7,6241.09,23404.09,2024,9
Cliente E,2024-09-08 00:08:38.919,Servicio 1,Producto A,Zona Sur,14,11465.68,42996.3,2024,9
Cliente D,2024-09-09 02:27:01.622,Servicio 3,Producto C,Zona Norte,19,7085.66,26571.22,2024,9
Cliente D,2024-09-10 04:45:24.324,Servicio 1,Producto B,Zona Norte,19,6478.06,24292.72,2024,9
Cliente D,2024-09-11 07:03:47.027,Servicio 2,Producto B,Zona Norte,2,14053.58,52700.92,2024,9
Cliente C,2024-09-12 09:22:09.730,Servicio 1,Producto A,Zona Norte,9,4137.75,15516.56,2024,9
Cliente E,2024-09-13 11:40:32.432,Servicio 3,Producto A,Zona Norte,13,2246.49,8424.34,2024,9
Cliente D,2024-09-14 13:58:55.135,Servicio 3,Producto C,Zona Norte,15,8975.88,33659.55,2024,9
Cliente C,2024-09-15 16:17:17.838,Servicio 3,Producto B,Zona Sur,3,14555.17,54581.89,2024,9
Cliente B,2024-09-16 18:35:40.541,Servicio 2,Producto C,Zona Sur,11,5978.67,22420.01,2024,9
Cliente B,2024-09-17 20:54:03.243,Servicio 2,Producto B,Zona Centro,14,1399.53,5248.24,2024,9
Cliente C,2024-09-18 23:12:25.946,Servicio 3,Producto C,Zona Sur,8,5419.93,20324.74,2024,9
Cliente C,2024-09-20 01:30:48.649,Servicio 1,Producto A,Zona Sur,18,7836.01,29385.04,2024,9
Cliente E,2024-09-21 03:49:11.351,Servicio 2,Producto B,Zona Norte,19,2847.88,10679.55,2024,9
Cliente E,2024-09-22 06:07:34.054,Servicio 3,Producto C,Zona Norte,16,10042.48,37659.3,2024,9
Cliente B,2024-09-23 08:25:56.757,Servicio 3,Producto A,Zona Sur,2,14967.37,56127.64,2024,9
Cliente D,2024-09-24 10:44:19.459,Servicio 2,Producto A,Zona Centro,8,7050.22,26438.32,2024,9
Cliente B,2024-09-25 13:02:42.162,Servicio 2,Producto C,Zona Norte,6,5643.56,21163.35,2024,9
Cliente D,2024-09-26 15:21:04.865,Servicio 2,Producto B,Zona Sur,12,6310.21,23663.29,2024,9
Cliente D,2024-09-27 17:39:27.568,Servicio 1,Producto B,Zona Sur,15,2169.62,8136.08,2024,9
Cliente E,2024-09-28 19:57:50.270,Servicio 1,Producto A,Zona Centro,8,13307.47,49903.01,2024,9
Cliente A,2024-09-29 22:16:12.973,Servicio 3,Producto B,Zona Centro,4,6514.97,24431.14,2024,9
Cliente A,2024-10-01 00:34:35.676,Servicio 2,Producto B,Zona Norte,15,6115.48,22933.05,2024,10
Cliente C,2024-10-02 02:52:58.378,Servicio 1,Producto B,Zona Centro,17,10065.51,37745.66,2024,10
Cliente E,2024-10-03 05:11:21.081,Servicio 2,Producto A,Zona Sur,13,6909.48,25910.55,2024,10
Cliente D,2024-10-04 07:29:43.784,Servicio 3,Producto C,Zona Sur,18,9899.39,37122.71,2024,10
Cliente A,2024-10-05 09:48:06.486,Servicio 1,Producto B,Zona Centro,2,1390.97,5216.14,2024,10
Cliente D,2024-10-06 12:06:29.189,Servicio 1,Producto A,Zona Centro,13,12298.99,46121.21,2024,10
Cliente A,2024-10-07 14:24:51.892,Servicio 1,Producto A,Zona Centro,13,14137.31,53014.91,2024,10
Cliente A,2024-10-08 16:43:14.595,Servicio 3,Producto C,Zona Centro,15,9907.1,37151.62,2024,10
Cliente A,2024-10-09 19:01:37.297,Servicio 2,Producto B,Zona Norte,10,14341.21,53779.54,2024,10
Cliente E,2024-10-10 21:20:00.000,Servicio 1,Producto B,Zona Centro,3,2695.77,10109.14,2024,10
Cliente B,2024-10-11 23:38:22.703,Servicio 3,Producto C,Zona Norte,19,7422.53,27834.49,2024,10
Cliente D,2024-10-13 01:56:45.405,Servicio 2,Producto C,Zona Sur,3,9226.2,34598.25,2024,10
Cliente E,2024-10-14 04:15:08.108,Servicio 3,Producto A,Zona Centro,14,8935.18,33506.93,2024,10
Cliente E,2024-10-15 06:33:30.811,Servicio 2,Producto A,Zona Norte,8,6321.2,23704.5,2024,10
Cliente E,2024-10-16 08:51:53.514,Servicio 3,Producto C,Zona Centro,4,5402.22,20258.32,2024,10
Cliente E,2024-10-17 11:10:16.216,Servicio 2,Producto B,Zona Sur,11,2338.95,8771.06,2024,10
Cliente E,2024-10-18 13:28:38.919,Servicio 1,Producto A,Zona Sur,11,6180.27,23176.01,2024,10
Cliente C,2024-10-19 15:47:01.622,Servicio 2,Producto A,Zona Sur,11,2858.58,10719.68,2024,10
Cliente D,2024-10-20 18:05:24.324,Servicio 3,Producto B,Zona Centro,2,11148.3,41806.12,2024,10
Cliente E,2024-10-21 20:23:47.027,Servicio 3,Producto A,Zona Centro,17,3528.05,13230.19,2024,10
Cliente D,2024-10-22 22:42:09.730,Servicio 2,Producto B,Zona Norte,9,1349.2,5059.5,2024,10
Cliente C,2024-10-24 01:00:32.432,Servicio 1,Producto B,Zona Sur,2,8509.31,31909.91,2024,10
Cliente C,2024-10-25 03:18:55.135,Servicio 1,Producto B,Zona Centro,15,9130.83,34240.61,2024,10
Cliente D,2024-10-26 05:37:17.838,Servicio 2,Producto C,Zona Sur,16,13142.74,49285.28,2024,10
Cliente A,2024-10-27 07:55:40.541,Servicio 2,Producto C,Zona Sur,4,8866.23,33248.36,2024,10
Cliente B,2024-10-28 10:14:03.243,Servicio 3,Producto C,Zona Norte,8,5509.47,20660.51,2024,10
Cliente A,2024-10-29 12:32:25.946,Servicio 1,Producto B,Zona Norte,9,12143.67,45538.76,2024,10
Cliente A,2024-10-30 14:50:48.649,Servicio 2,Producto B,Zona Norte,5,8334.04,31252.65,2024,10
Cliente A,2024-10-31 17:09:11.351,Servicio 1,Producto C,Zona Norte,16,1649.56,6185.85,2024,10
Cliente E,2024-11-01 19:27:34.054,Servicio 2,Producto A,Zona Sur,13,8704.83,32643.11,2024,11
Cliente C,2024-11-02 21:45:56.757,Servicio 2,Producto B,Zona Norte,7,13666.27,51248.51,2024,11
Cliente A,2024-11-04 00:04:19.459,Servicio 1,Producto A,Zona Norte,17,6246.53,23424.49,2024,11
Cliente C,2024-11-05 02:22:42.162,Servicio 2,Producto A,Zona Norte,3,4796.72,17987.7,2024,11
Cliente D,2024-11-06 04:41:04.865,Servicio 2,Producto B,Zona Norte,5,2580.31,9676.16,2024,11
Cliente B,2024-11-07 06:59:27.568,Servicio 3,Producto B,Zona Sur,19,2695.96,10109.85,2024,11
Cliente D,2024-11-08 09:17:50.270,Servicio 2,Producto A,Zona Norte,12,6775.19,25406.96,2024,11
Cliente D,2024-11-09 11:36:12.973,Servicio 2,Producto A,Zona Sur,7,9137.36,34265.1,2024,11
Cliente E,2024-11-10 13:54:35.676,Servicio 2,Producto C,Zona Centro,9,1668.92,6258.45,2024,11
Cliente B,2024-11-11 16:12:58.378,Servicio 3,Producto C,Zona Sur,6,14123.74,52964.02,2024,11
Cliente D,2024-11-12 18:31:21.081,Servicio 1,Producto B,Zona Sur,17,11449.44,42935.4,2024,11
Cliente D,2024-11-13 20:49:43.784,Servicio 3,Producto C,Zona Norte,16,9006.05,33772.69,2024,11
Cliente B,2024-11-14 23:08:06.486,Servicio 3,Producto C,Zona Centro,3,12512.36,46921.35,2024,11
Cliente B,2024-11-16 01:26:29.189,Servicio 1,Producto C,Zona Centro,4,1662.71,6235.16,2024,11
Cliente D,2024-11-17 03:44:51.892,Servicio 3,Producto C,Zona Centro,10,7414.16,27803.1,2024,11
Cliente B,2024-11-18 06:03:14.595,Servicio 1,Producto A,Zona Centro,5,9636.35,36136.31,2024,11
Cliente D,2024-11-19 08:21:37.297,Servicio 3,Producto B,Zona Sur,10,12515.47,46933.01,2024,11
Cliente D,2024-11-20 10:40:00.000,Servicio 1,Producto C,Zona Centro,12,11860.31,44476.16,2024,11
Cliente E,2024-11-21 12:58:22.703,Servicio 2,Producto A,Zona Sur,10,4517.5,16940.62,2024,11
Cliente A,2024-11-22 15:16:45.405,Servicio 3,Producto A,Zona Sur,13,14142.76,53035.35,2024,11
Cliente D,2024-11-23 17:35:08.108,Servicio 3,Producto A,Zona Sur,11,2303.01,8636.29,2024,11
Cliente C,2024-11-24 19:53:30.811,Servicio 3,Producto C,Zona Centro,16,13189.44,49460.4,2024,11
Cliente A,2024-11-25 22:11:53.514,Servicio 3,Producto C,Zona Norte,8,14578.63,54669.86,2024,11
Cliente A,2024-11-27 00:30:16.216,Servicio 2,Producto B,Zona Norte,8,3068.73,11507.74,2024,11
Cliente A,2024-11-28 02:48:38.919,Servicio 3,Producto C,Zona Centro,8,10969.96,41137.35,2024,11
Cliente E,2024-11-29 05:07:01.622,Servicio 2,Producto C,Zona Norte,13,1084.14,4065.53,2024,11
Cliente D,2024-11-30 07:25:24.324,Servicio 2,Producto A,Zona Norte,2,6378.63,23919.86,2024,11
Cliente E,2024-12-01 09:43:47.027,Servicio 2,Producto B,Zona Sur,12,7986.11,29947.91,2024,12
Cliente D,2024-12-02 12:02:09.730,Servicio 2,Producto C,Zona Sur,10,8919.36,33447.6,2024,12
Cliente E,2024-12-03 14:20:32.432,Servicio 1,Producto C,Zona Centro,12,14071.09,52766.59,2024,12
Cliente E,2024-12-04 16:38:55.135,Servicio 1,Producto A,Zona Centro,11,10247.63,38428.61,2024,12
Cliente C,2024-12-05 18:57:17.838,Servicio 3,Producto A,Zona Norte,15,7478.53,28044.49,2024,12
Cliente E,2024-12-06 21:15:40.541,Servicio 1,Producto C,Zona Sur,16,12240.29,45901.09,2024,12
Cliente B,2024-12-07 23:34:03.243,Servicio 1,Producto B,Zona Centro,17,14282.73,53560.24,2024,12
Cliente C,2024-12-09 01:52:25.946,Servicio 3,Producto B,Zona Centro,2,819.96,3074.85,2024,12
Cliente E,2024-12-10 04:10:48.649,Servicio 3,Producto A,Zona Centro,18,14746.56,55299.6,2024,12
Cliente A,2024-12-11 06:29:11.351,Servicio 3,Producto A,Zona Centro,12,1748.92,6558.45,2024,12
Cliente B,2024-12-12 08:47:34.054,Servicio 1,Producto C,Zona Centro,19,12308.61,46157.29,2024,12
Cliente B,2024-12-13 11:05:56.757,Servicio 1,Producto A,Zona Centro,18,4564.85,17118.19,2024,12
Cliente B,2024-12-14 13:24:19.459,Servicio 3,Producto C,Zona Norte,17,2416.61,9062.29,2024,12
Cliente C,2024-12-15 15:42:42.162,Servicio 2,Producto B,Zona Sur,6,6877.91,25792.16,2024,12
Cliente E,2024-12-16 18:01:04.865,Servicio 3,Producto B,Zona Sur,15,9837.37,36890.14,2024,12
Cliente E,2024-12-17 20:19:27.568,Servicio 2,Producto C,Zona Centro,3,6023.8,22589.25,2024,12
Cliente A,2024-12-18 22:37:50.270,Servicio 2,Producto A,Zona Sur,6,1291.2,4842.0,2024,12
Cliente A,2024-12-20 00:56:12.973,Servicio 3,Producto B,Zona Sur,3,9192.19,34470.71,2024,12
Cliente B,2024-12-21 03:14:35.676,Servicio 3,Producto A,Zona Sur,1,13584.85,50943.19,2024,12
Cliente A,2024-12-22 05:32:58.378,Servicio 3,Producto B,Zona Centro,13,6056.62,22712.32,2024,12
Cliente C,2024-12-23 07:51:21.081,Servicio 1,Producto C,Zona Centro,14,3636.83,13638.11,2024,12
Cliente E,2024-12-24 10:09:43.784,Servicio 2,Producto C,Zona Sur,13,6917.37,25940.14,2024,12
Cliente B,2024-12-25 12:28:06.486,Servicio 1,Producto C,Zona Sur,4,1201.26,4504.73,2024,12
Cliente A,2024-12-26 14:46:29.189,Servicio 1,Producto B,Zona Centro,7,12397.07,46489.01,2024,12
Cliente C,2024-12-27 17:04:51.892,Servicio 3,Producto A,Zona Norte,10,12481.94,46807.28,2024,12
Cliente C,2024-12-28 19:23:14.595,Servicio 1,Producto A,Zona Sur,7,9026.01,33847.54,2024,12
Cliente A,2024-12-29 21:41:37.297,Servicio 3,Producto A,Zona Norte,15,5619.99,21074.96,2024,12
Cliente E,2024-12-31 00:00:00.000,Servicio 2,Producto B,Zona Sur,15,12096.86,45363.23,2024,12
Cliente A,2025-01-01 02:18:22.703,Servicio 3,Producto B,Zona Norte,4,8542.96,32036.1,2025,1
Cliente B,2025-01-02 04:36:45.405,Servicio 1,Producto B,Zona Norte,6,12476.02,46785.08,2025,1
Cliente A,2025-01-03 06:55:08.108,Servicio 1,Producto B,Zona Norte,5,9656.15,36210.56,2025,1
Cliente C,2025-01-04 09:13:30.811,Servicio 3,Producto B,Zona Centro,12,11873.88,44527.05,2025,1
Cliente A,2025-01-05 11:31:53.514,Servicio 3,Producto A,Zona Norte,1,9179.16,34421.85,2025,1
Cliente E,2025-01-06 13:50:16.216,Servicio 1,Producto B,Zona Norte,8,6505.05,24393.94,2025,1
Cliente D,2025-01-07 16:08:38.919,Servicio 2,Producto B,Zona Norte,1,14390.21,53963.29,2025,1
Cliente A,2025-01-08 18:27:01.622,Servicio 2,Producto A,Zona Sur,5,8346.15,31298.06,2025,1
Cliente E,2025-01-09 20:45:24.324,Servicio 3,Producto B,Zona Norte,6,9273.8,34776.75,2025,1
Cliente E,2025-01-10 23:03:47.027,Servicio 2,Producto A,Zona Sur,3,3697.07,13864.01,2025,1
Cliente C,2025-01-12 01:22:09.730,Servicio 1,Producto A,Zona Norte,15,9571.94,35894.78,2025,1
Cliente E,2025-01-13 03:40:32.432,Servicio 3,Producto C,Zona Norte,5,8788.31,32956.16,2025,1
Cliente E,2025-01-14 05:58:55.135,Servicio 1,Producto C,Zona Centro,14,3180.16,11925.6,2025,1
Cliente E,2025-01-15 08:17:17.838,Servicio 1,Producto C,Zona Sur,18,1364.01,5115.04,2025,1
Cliente E,2025-01-16 10:35:40.541,Servicio 2,Producto C,Zona Norte,16,9263.21,34737.04,2025,1
Cliente B,2025-01-17 12:54:03.243,Servicio 3,Producto B,Zona Sur,6,11573.54,43400.78,2025,1
Cliente B,2025-01-18 15:12:25.946,Servicio 3,Producto C,Zona Sur,14,8089.32,30334.95,2025,1
Cliente C,2025-01-19 17:30:48.649,Servicio 2,Producto A,Zona Centro,8,3788.2,14205.75,2025,1
Cliente A,2025-01-20 19:49:11.351,Servicio 1,Producto B,Zona Centro,7,10164.57,38117.14,2025,1
Cliente E,2025-01-21 22:07:34.054,Servicio 1,Producto C,Zona Centro,8,1661.53,6230.74,2025,1
Cliente A,2025-01-23 00:25:56.757,Servicio 1,Producto A,Zona Centro,13,6906.59,25899.71,2025,1
Cliente A,2025-01-24 02:44:19.459,Servicio 1,Producto B,Zona Centro,6,2868.82,10758.08,2025,1
Cliente C,2025-01-25 05:02:42.162,Servicio 3,Producto B,Zona Centro,18,3174.66,11904.97,2025,1
Cliente E,2025-01-26 07:21:04.865,Servicio 3,Producto C,Zona Centro,2,3433.26,12874.72,2025,1
Cliente E,2025-01-27 09:39:27.568,Servicio 2,Producto B,Zona Centro,8,6107.25,22902.19,2025,1
Cliente D,2025-01-28 11:57:50.270,Servicio 2,Producto A,Zona Norte,11,1241.68,4656.3,2025,1
Cliente A,2025-01-29 14:16:12.973,Servicio 3,Producto B,Zona Sur,1,6268.0,23505.0,2025,1
Cliente A,2025-01-30 16:34:35.676,Servicio 3,Producto A,Zona Centro,6,7919.76,29699.1,2025,1
Cliente B,2025-01-31 18:52:58.378,Servicio 1,Producto B,Zona Centro,16,7507.77,28154.14,2025,1
Cliente D,2025-02-01 21:11:21.081,Servicio 1,Producto C,Zona Sur,12,6050.37,22688.89,2025,2
Cliente B,2025-02-02 23:29:43.784,Servicio 2,Producto A,Zona Norte,11,12667.63,47503.61,2025,2
Cliente B,2025-02-04 01:48:06.486,Servicio 3,Producto B,Zona Sur,10,2607.24,9777.15,2025,2
Cliente B,2025-02-05 04:06:29.189,Servicio 2,Producto B,Zona Sur,3,7832.6,29372.25,2025,2
Cliente C,2025-02-06 06:24:51.892,Servicio 3,Producto B,Zona Centro,13,1399.6,5248.5,2025,2
Cliente C,2025-02-07 08:43:14.595,Servicio 1,Producto A,Zona Sur,3,1531.76,5744.1,2025,2
Cliente B,2025-02-08 11:01:37.297,Servicio 2,Producto A,Zona Sur,15,8821.05,33078.94,2025,2
Cliente D,2025-02-09 13:20:00.000,Servicio 2,Producto A,Zona Centro,16,8707.27,32652.26,2025,2
Cliente A,2025-02-10 15:38:22.703,Servicio 3,Producto C,Zona Centro,13,13231.49,49618.09,2025,2
Cliente D,2025-02-11 17:56:45.405,Servicio 1,Producto C,Zona Centro,17,8589.17,32209.39,2025,2
Cliente E,2025-02-12 20:15:08.108,Servicio 2,Producto A,Zona Centro,3,14416.97,54063.64,2025,2
Cliente C,2025-02-13 22:33:30.811,Servicio 1,Producto B,Zona Sur,11,1206.08,4522.8,2025,2
Cliente A,2025-02-15 00:51:53.514,Servicio 2,Producto C,Zona Sur,19,1921.11,7204.16,2025,2
Cliente A,2025-02-16 03:10:16.216,Servicio 1,Producto A,Zona Norte,11,1138.95,4271.06,2025,2
Cliente E,2025-02-17 05:28:38.919,Servicio 3,Producto B,Zona Norte,16,3186.51,11949.41,2025,2
Cliente E,2025-02-18 07:47:01.622,Servicio 2,Producto C,Zona Sur,3,8348.42,31306.58,2025,2
Cliente B,2025-02-19 10:05:24.324,Servicio 2,Producto B,Zona Norte,6,9860.8,36978.0,2025,2
Cliente C,2025-02-20 12:23:47.027,Servicio 1,Producto B,Zona Sur,14,1160.98,4353.68,2025,2
Cliente C,2025-02-21 14:42:09.730,Servicio 1,Producto B,Zona Norte,18,14216.58,53312.18,2025,2
Cliente D,2025-02-22 17:00:32.432,Servicio 2,Producto B,Zona Centro,17,12711.4,47667.75,2025,2
Cliente B,2025-02-23 19:18:55.135,Servicio 3,Producto C,Zona Norte,4,4800.88,18003.3,2025,2
Cliente B,2025-02-24 21:37:17.838,Servicio 1,Producto C,Zona Centro,15,1619.22,6072.08,2025,2
Cliente B,2025-02-25 23:55:40.541,Servicio 1,Producto C,Zona Centro,11,2963.36,11112.6,2025,2
Cliente B,2025-02-27 02:14:03.243,Servicio 1,Producto A,Zona Centro,3,2340.69,8777.59,2025,2
Cliente C,2025-02-28 04:32:25.946,Servicio 2,Producto C,Zona Centro,3,2287.61,8578.54,2025,2
Cliente C,2025-03-01 06:50:48.649,Servicio 2,Producto B,Zona Norte,16,8019.14,30071.78,2025,3
Cliente B,2025-03-02 09:09:11.351,Servicio 2,Producto C,Zona Sur,5,4064.79,15242.96,2025,3
Cliente D,2025-03-03 11:27:34.054,Servicio 2,Producto B,Zona Centro,10,5693.03,21348.86,2025,3
Cliente A,2025-03-04 13:45:56.757,Servicio 3,Producto A,Zona Norte,19,14847.83,55679.36,2025,3
Cliente A,2025-03-05 16:04:19.459,Servicio 3,Producto B,Zona Centro,4,10422.56,39084.6,2025,3
Cliente D,2025-03-06 18:22:42.162,Servicio 2,Producto B,Zona Norte,19,14260.22,53475.82,2025,3
Cliente B,2025-03-07 20:41:04.865,Servicio 3,Producto B,Zona Norte,11,2567.07,9626.51,2025,3
Cliente C,2025-03-08 22:59:27.568,Servicio 1,Producto A,Zona Norte,2,6041.02,22653.82,2025,3
Cliente A,2025-03-10 01:17:50.270,Servicio 1,Producto C,Zona Sur,10,8543.61,32038.54,2025,3
Cliente E,2025-03-11 03:36:12.973,Servicio 1,Producto C,Zona Norte,11,1612.99,6048.71,2025,3
Cliente E,2025-03-12 05:54:35.676,Servicio 2,Producto A,Zona Norte,16,560.72,2102.7,2025,3
Cliente D,2025-03-13 08:12:58.378,Servicio 1,Producto B,Zona Sur,19,10221.3,38329.88,2025,3
Cliente B,2025-03-14 10:31:21.081,Servicio 3,Producto C,Zona Sur,11,9806.38,36773.92,2025,3
Cliente A,2025-03-15 12:49:43.784,Servicio 2,Producto A,Zona Norte,14,6456.44,24211.65,2025,3
Cliente B,2025-03-16 15:08:06.486,Servicio 3,Producto C,Zona Sur,2,7599.84,28499.4,2025,3
Cliente A,2025-03-17 17:26:29.189,Servicio 1,Producto A,Zona Centro,5,6523.92,24464.7,2025,3
Cliente D,2025-03-18 19:44:51.892,Servicio 1,Producto B,Zona Centro,5,848.07,3180.26,2025,3
Cliente D,2025-03-19 22:03:14.595,Servicio 1,Producto C,Zona Sur,19,5362.89,20110.84,2025,3
Cliente E,2025-03-21 00:21:37.297,Servicio 2,Producto A,Zona Sur,12,3067.69,11503.84,2025,3
Cliente B,2025-03-22 02:40:00.000,Servicio 3,Producto C,Zona Norte,18,1927.15,7226.81,2025,3
Cliente E,2025-03-23 04:58:22.703,Servicio 2,Producto C,Zona Sur,4,14372.45,53896.69,2025,3
Cliente B,2025-03-24 07:16:45.405,Servicio 2,Producto C,Zona Norte,17,9190.72,34465.2,2025,3
Cliente E,2025-03-25 09:35:08.108,Servicio 1,Producto C,Zona Centro,10,11065.52,41495.7,2025,3
Cliente C,2025-03-26 11:53:30.811,Servicio 2,Producto A,Zona Sur,6,5072.77,19022.89,2025,3
Cliente C,2025-03-27 14:11:53.514,Servicio 2,Producto B,Zona Norte,14,6200.63,23252.36,2025,3
Cliente C,2025-03-28 16:30:16.216,Servicio 1,Producto A,Zona Norte,11,3935.4,14757.75,2025,3
Cliente C,2025-03-29 18:48:38.919,Servicio 2,Producto A,Zona Centro,11,1906.0,7147.5,2025,3
Cliente A,2025-03-30 21:07:01.622,Servicio 1,Producto A,Zona Sur,18,3095.96,11609.85,2025,3
Cliente C,2025-03-31 23:25:24.324,Servicio 1,Producto B,Zona Centro,18,12063.95,45239.81,2025,3
Cliente D,2025-04-02 01:43:47.027,Servicio 1,Producto C,Zona Norte,11,10324.41,38716.54,2025,4
Cliente D,2025-04-03 04:02:09.730,Servicio 1,Producto C,Zona Norte,12,8430.47,31614.26,2025,4
Cliente A,2025-04-04 06:20:32.432,Servicio 2,Producto C,Zona Sur,5,7388.8,27708.0,2025,4
Cliente C,2025-04-05 08:38:55.135,Servicio 1,Producto B,Zona Norte,9,13875.3,52032.38,2025,4
Cliente C,2025-04-06 10:57:17.838,Servicio 1,Producto C,Zona Sur,9,1554.66,5829.98,2025,4
Cliente C,2025-04-07 13:15:40.541,Servicio 2,Producto B,Zona Centro,10,4568.71,17132.66,2025,4
Cliente E,2025-04-08 15:34:03.243,Servicio 2,Producto C,Zona Sur,19,5574.1,20902.88,2025,4
Cliente B,2025-04-09 17:52:25.946,Servicio 3,Producto C,Zona Sur,1,11845.17,44419.39,2025,4
Cliente E,2025-04-10 20:10:48.649,Servicio 2,Producto A,Zona Norte,7,14891.46,55842.98,2025,4
Cliente B,2025-04-11 22:29:11.351,Servicio 2,Producto B,Zona Norte,4,3989.72,14961.45,2025,4
Cliente C,2025-04-13 00:47:34.054,Servicio 3,Producto A,Zona Sur,1,13177.46,49415.48,2025,4
Cliente C,2025-04-14 03:05:56.757,Servicio 2,Producto A,Zona Norte,15,12544.03,47040.11,2025,4
Cliente E,2025-04-15 05:24:19.459,Servicio 2,Producto A,Zona Norte,8,3757.53,14090.74,2025,4
Cliente E,2025-04-16 07:42:42.162,Servicio 2,Producto B,Zona Norte,12,6290.32,23588.7,2025,4
Cliente B,2025-04-17 10:01:04.865,Servicio 2,Producto B,Zona Sur,18,6440.26,24150.98,2025,4
Cliente D,2025-04-18 12:19:27.568,Servicio 3,Producto C,Zona Norte,15,14684.2,55065.75,2025,4
Cliente B,2025-04-19 14:37:50.270,Servicio 2,Producto A,Zona Sur,17,3122.93,11710.99,2025,4
Cliente E,2025-04-20 16:56:12.973,Servicio 2,Producto C,Zona Norte,14,12087.79,45329.21,2025,4
Cliente E,2025-04-21 19:14:35.676,Servicio 3,Producto A,Zona Centro,14,5345.79,20046.71,2025,4
Cliente A,2025-04-22 21:32:58.378,Servicio 1,Producto B,Zona Norte,18,11097.62,41616.08,2025,4
Cliente E,2025-04-23 23:51:21.081,Servicio 3,Producto B,Zona Norte,18,6590.16,24713.1,2025,4
Cliente A,2025-04-25 02:09:43.784,Servicio 1,Producto B,Zona Sur,16,8886.22,33323.32,2025,4
Cliente D,2025-04-26 04:28:06.486,Servicio 3,Producto A,Zona Sur,1,12572.87,47148.26,2025,4
Cliente B,2025-04-27 06:46:29.189,Servicio 3,Producto B,Zona Norte,11,12160.4,45601.5,2025,4
Cliente B,2025-04-28 09:04:51.892,Servicio 2,Producto A,Zona Centro,15,13063.14,48986.77,2025,4
Cliente A,2025-04-29 11:23:14.595,Servicio 1,Producto C,Zona Norte,12,1364.45,5116.69,2025,4
Cliente B,2025-04-30 13:41:37.297,Servicio 2,Producto A,Zona Norte,8,10534.73,39505.24,2025,4
Cliente E,2025-05-01 16:00:00.000,Servicio 1,Producto C,Zona Centro,6,2529.82,9486.83,2025,5
Cliente C,2025-05-02 18:18:22.703,Servicio 3,Producto A,Zona Sur,3,6529.37,24485.14,2025,5
Cliente A,2025-05-03 20:36:45.405,Servicio 3,Producto C,Zona Norte,13,8454.53,31704.49,2025,5
Cliente B,2025-05-04 22:55:08.108,Servicio 1,Producto B,Zona Sur,13,6339.72,23773.95,2025,5
Cliente A,2025-05-06 01:13:30.811,Servicio 2,Producto C,Zona Sur,2,8034.37,30128.89,2025,5
Cliente A,2025-05-07 03:31:53.514,Servicio 2,Producto B,Zona Centro,5,14949.63,56061.11,2025,5
Cliente C,2025-05-08 05:50:16.216,Servicio 2,Producto B,Zona Centro,17,2460.65,9227.44,2025,5
Cliente E,2025-05-09 08:08:38.919,Servicio 2,Producto C,Zona Sur,6,10294.11,38602.91,2025,5
Cliente A,2025-05-10 10:27:01.622,Servicio 3,Producto A,Zona Norte,2,6242.01,23407.54,2025,5
Cliente B,2025-05-11 12:45:24.324,Servicio 3,Producto A,Zona Sur,4,2428.64,9107.4,2025,5
Cliente D,2025-05-12 15:03:47.027,Servicio 3,Producto A,Zona Norte,11,2801.68,10506.3,2025,5
Cliente A,2025-05-13 17:22:09.730,Servicio 3,Producto A,Zona Norte,8,14264.46,53491.72,2025,5
Cliente A,2025-05-14 19:40:32.432,Servicio 3,Producto A,Zona Centro,12,13254.22,49703.32,2025,5
Cliente C,2025-05-15 21:58:55.135,Servicio 2,Producto B,Zona Norte,8,13652.11,51195.41,2025,5
Cliente E,2025-05-17 00:17:17.838,Servicio 2,Producto A,Zona Norte,11,14877.23,55789.61,2025,5
Cliente D,2025-05-18 02:35:40.541,Servicio 2,Producto B,Zona Sur,8,3520.57,13202.14,2025,5
Cliente B,2025-05-19 04:54:03.243,Servicio 2,Producto B,Zona Centro,8,5653.87,21202.01,2025,5
Cliente D,2025-05-20 07:12:25.946,Servicio 3,Producto B,Zona Norte,17,10203.68,38263.8,2025,5
Cliente B,2025-05-21 09:30:48.649,Servicio 3,Producto C,Zona Norte,16,7515.14,28181.78,2025,5
Cliente E,2025-05-22 11:49:11.351,Servicio 3,Producto C,Zona Centro,14,6566.65,24624.94,2025,5
Cliente B,2025-05-23 14:07:34.054,Servicio 1,Producto B,Zona Sur,11,5688.26,21330.98,2025,5
Cliente C,2025-05-24 16:25:56.757,Servicio 2,Producto C,Zona Centro,7,9109.82,34161.82,2025,5
Cliente C,2025-05-25 18:44:19.459,Servicio 2,Producto A,Zona Centro,16,8846.1,33172.88,2025,5
Cliente C,2025-05-26 21:02:42.162,Servicio 3,Producto A,Zona Norte,13,2841.14,10654.28,2025,5
Cliente C,2025-05-27 23:21:04.865,Servicio 2,Producto B,Zona Norte,15,7340.23,27525.86,2025,5
Cliente D,2025-05-29 01:39:27.568,Servicio 2,Producto A,Zona Sur,16,8525.34,31970.02,2025,5
Cliente E,2025-05-30 03:57:50.270,Servicio 3,Producto B,Zona Norte,9,8769.16,32884.35,2025,5
Cliente B,2025-05-31 06:16:12.973,Servicio 1,Producto B,Zona Norte,3,3546.55,13299.56,2025,5
Cliente B,2025-06-01 08:34:35.676,Servicio 1,Producto A,Zona Centro,19,11262.94,42236.02,2025,6
Cliente C,2025-06-02 10:52:58.378,Servicio 1,Producto C,Zona Norte,5,865.39,3245.21,2025,6
Cliente C,2025-06-03 13:11:21.081,Servicio 3,Producto A,Zona Sur,10,5645.06,21168.98,2025,6
Cliente A,2025-06-04 15:29:43.784,Servicio 2,Producto A,Zona Centro,17,11813.08,44299.05,2025,6
Cliente E,2025-06-05 17:48:06.486,Servicio 3,Producto B,Zona Sur,15,8676.45,32536.69,2025,6
Cliente D,2025-06-06 20:06:29.189,Servicio 3,Producto B,Zona Centro,8,4286.86,16075.72,2025,6
Cliente B,2025-06-07 22:24:51.892,Servicio 2,Producto B,Zona Norte,15,10576.82,39663.07,2025,6
Cliente A,2025-06-09 00:43:14.595,Servicio 1,Producto B,Zona Centro,14,8727.17,32726.89,2025,6
Cliente A,2025-06-10 03:01:37.297,Servicio 1,Producto C,Zona Centro,7,12045.53,45170.74,2025,6
Cliente B,2025-06-11 05:20:00.000,Servicio 3,Producto C,Zona Norte,12,11157.87,41842.01,2025,6
Cliente D,2025-06-12 07:38:22.703,Servicio 1,Producto C,Zona Norte,17,9346.56,35049.6,2025,6
Cliente A,2025-06-13 09:56:45.405,Servicio 3,Producto B,Zona Sur,17,7578.58,28419.68,2025,6
Cliente A,2025-06-14 12:15:08.108,Servicio 3,Producto B,Zona Sur,10,2431.14,9116.78,2025,6
Cliente E,2025-06-15 14:33:30.811,Servicio 2,Producto B,Zona Norte,19,4289.33,16084.99,2025,6
Cliente D,2025-06-16 16:51:53.514,Servicio 2,Producto C,Zona Norte,14,6576.94,24663.52,2025,6
Cliente A,2025-06-17 19:10:16.216,Servicio 2,Producto B,Zona Norte,11,9189.84,34461.9,2025,6
Cliente D,2025-06-18 21:28:38.919,Servicio 3,Producto A,Zona Centro,2,7948.76,29807.85,2025,6
Cliente B,2025-06-19 23:47:01.622,Servicio 2,Producto A,Zona Centro,18,4678.68,17545.05,2025,6
Cliente C,2025-06-21 02:05:24.324,Servicio 1,Producto B,Zona Centro,7,593.73,2226.49,2025,6
Cliente A,2025-06-22 04:23:47.027,Servicio 1,Producto A,Zona Norte,12,7695.47,28858.01,2025,6
Cliente E,2025-06-23 06:42:09.730,Servicio 3,Producto A,Zona Sur,2,4641.58,17405.92,2025,6
Cliente B,2025-06-24 09:00:32.432,Servicio 3,Producto C,Zona Norte,18,11151.82,41819.32,2025,6
Cliente D,2025-06-25 11:18:55.135,Servicio 2,Producto B,Zona Centro,6,847.22,3177.08,2025,6
Cliente B,2025-06-26 13:37:17.838,Servicio 3,Producto B,Zona Centro,10,8980.0,33675.0,2025,6
Cliente A,2025-06-27 15:55:40.541,Servicio 3,Producto C,Zona Norte,15,14151.38,53067.68,2025,6
Cliente D,2025-06-28 18:14:03.243,Servicio 1,Producto A,Zona Norte,5,3028.93,11358.49,2025,6
Cliente C,2025-06-29 20:32:25.946,Servicio 1,Producto A,Zona Centro,3,7338.92,27520.95,2025,6
Cliente B,2025-06-30 22:50:48.649,Servicio 2,Producto B,Zona Centro,5,1825.62,6846.08,2025,6
Cliente A,2025-07-02 01:09:11.351,Servicio 3,Producto A,Zona Centro,8,9572.39,35896.46,2025,7
Cliente E,2025-07-03 03:27:34.054,Servicio 3,Producto C,Zona Norte,8,8482.71,31810.16,2025,7
Cliente D,2025-07-04 05:45:56.757,Servicio 1,Producto C,Zona Centro,8,6406.8,24025.5,2025,7
Cliente B,2025-07-05 08:04:19.459,Servicio 3,Producto B,Zona Centro,12,8059.97,30224.89,2025,7
Cliente B,2025-07-06 10:22:42.162,Servicio 1,Producto C,Zona Sur,8,13500.33,50626.24,2025,7
Cliente C,2025-07-07 12:41:04.865,Servicio 2,Producto C,Zona Norte,11,3346.27,12548.51,2025,7
Cliente C,2025-07-08 14:59:27.568,Servicio 1,Producto B,Zona Sur,14,827.19,3101.96,2025,7
Cliente E,2025-07-09 17:17:50.270,Servicio 3,Producto C,Zona Sur,8,12994.14,48728.02,2025,7
Cliente E,2025-07-10 19:36:12.973,Servicio 2,Producto C,Zona Centro,10,8868.2,33255.75,2025,7
Cliente A,2025-07-11 21:54:35.676,Servicio 1,Producto C,Zona Norte,7,13414.55,50304.56,2025,7
Cliente A,2025-07-13 00:12:58.378,Servicio 1,Producto A,Zona Centro,17,9155.71,34333.91,2025,7
Cliente E,2025-07-14 02:31:21.081,Servicio 2,Producto B,Zona Norte,4,12247.34,45927.52,2025,7
Cliente E,2025-07-15 04:49:43.784,Servicio 2,Producto B,Zona Sur,13,6730.26,25238.48,2025,7
Cliente D,2025-07-16 07:08:06.486,Servicio 1,Producto B,Zona Norte,4,11372.97,42648.64,2025,7
Cliente C,2025-07-17 09:26:29.189,Servicio 3,Producto A,Zona Centro,5,13739.1,51521.62,2025,7
Cliente A,2025-07-18 11:44:51.892,Servicio 1,Producto A,Zona Centro,4,8795.78,32984.18,2025,7
Cliente C,2025-07-19 14:03:14.595,Servicio 2,Producto B,Zona Centro,18,3121.38,11705.18,2025,7
Cliente C,2025-07-20 16:21:37.297,Servicio 1,Producto A,Zona Norte,6,4397.57,16490.89,2025,7
Cliente E,2025-07-21 18:40:00.000,Servicio 2,Producto B,Zona Sur,2,3380.35,12676.31,2025,7
Cliente D,2025-07-22 20:58:22.703,Servicio 2,Producto A,Zona Sur,11,4079.43,15297.86,2025,7
Cliente B,2025-07-23 23:16:45.405,Servicio 3,Producto C,Zona Norte,14,4943.02,18536.32,2025,7
Cliente D,2025-07-25 01:35:08.108,Servicio 2,Producto C,Zona Centro,5,8549.44,32060.4,2025,7
Cliente D,2025-07-26 03:53:30.811,Servicio 2,Producto B,Zona Sur,6,9025.88,33847.05,2025,7
Cliente C,2025-07-27 06:11:53.514,Servicio 3,Producto A,Zona Centro,10,6684.25,25065.94,2025,7
Cliente D,2025-07-28 08:30:16.216,Servicio 2,Producto A,Zona Norte,8,9423.6,35338.5,2025,7
Cliente A,2025-07-29 10:48:38.919,Servicio 3,Producto C,Zona Centro,14,1682.84,6310.65,2025,7
Cliente C,2025-07-30 13:07:01.622,Servicio 3,Producto C,Zona Sur,3,1772.93,6648.49,2025,7
Cliente A,2025-07-31 15:25:24.324,Servicio 2,Producto A,Zona Sur,12,2991.53,11218.24,2025,7
Cliente B,2025-08-01 17:43:47.027,Servicio 2,Producto A,Zona Centro,16,8012.12,30045.45,2025,8
Cliente C,2025-08-02 20:02:09.730,Servicio 1,Producto A,Zona Norte,17,3602.92,13510.95,2025,8
Cliente B,2025-08-03 22:20:32.432,Servicio 3,Producto A,Zona Centro,1,4607.62,17278.58,2025,8
Cliente C,2025-08-05 00:38:55.135,Servicio 1,Producto A,Zona Norte,10,6304.54,23642.02,2025,8
Cliente E,2025-08-06 02:57:17.838,Servicio 2,Producto A,Zona Centro,10,12272.06,46020.22,2025,8
Cliente D,2025-08-07 05:15:40.541,Servicio 1,Producto B,Zona Sur,2,701.0,2628.75,2025,8
Cliente E,2025-08-08 07:34:03.243,Servicio 3,Producto A,Zona Norte,9,9915.99,37184.96,2025,8
Cliente B,2025-08-09 09:52:25.946,Servicio 1,Producto C,Zona Norte,13,10198.71,38245.16,2025,8
Cliente D,2025-08-10 12:10:48.649,Servicio 3,Producto B,Zona Norte,16,12080.51,45301.91,2025,8
Cliente C,2025-08-11 14:29:11.351,Servicio 2,Producto A,Zona Sur,18,14024.92,52593.45,2025,8
Cliente D,2025-08-12 16:47:34.054,Servicio 2,Producto C,Zona Centro,19,792.0,2970.0,2025,8
Cliente A,2025-08-13 19:05:56.757,Servicio 3,Producto B,Zona Sur,12,2729.86,10236.98,2025,8
Cliente D,2025-08-14 21:24:19.459,Servicio 2,Producto C,Zona Norte,8,13349.48,50060.55,2025,8
Cliente A,2025-08-15 23:42:42.162,Servicio 2,Producto A,Zona Centro,17,7148.52,26806.95,2025,8
Cliente D,2025-08-17 02:01:04.865,Servicio 2,Producto A,Zona Sur,15,8686.56,32574.6,2025,8
Cliente A,2025-08-18 04:19:27.568,Servicio 2,Producto A,Zona Norte,10,10113.89,37927.09,2025,8
Cliente B,2025-08-19 06:37:50.270,Servicio 3,Producto A,Zona Norte,15,10346.47,38799.26,2025,8
Cliente E,2025-08-20 08:56:12.973,Servicio 1,Producto B,Zona Sur,15,14010.24,52538.4,2025,8
Cliente C,2025-08-21 11:14:35.676,Servicio 1,Producto B,Zona Sur,7,14955.77,56084.14,2025,8
Cliente D,2025-08-22 13:32:58.378,Servicio 2,Producto C,Zona Sur,13,10942.28,41033.55,2025,8
Cliente E,2025-08-23 15:51:21.081,Servicio 1,Producto A,Zona Norte,17,4664.71,17492.66,2025,8
Cliente C,2025-08-24 18:09:43.784,Servicio 1,Producto C,Zona Sur,9,13256.41,49711.54,2025,8
Cliente C,2025-08-25 20:28:06.486,Servicio 2,Producto B,Zona Norte,8,1213.7,4551.38,2025,8
Cliente A,2025-08-26 22:46:29.189,Servicio 2,Producto A,Zona Sur,18,3850.67,14440.01,2025,8
Cliente B,2025-08-28 01:04:51.892,Servicio 1,Producto A,Zona Norte,13,13512.09,50670.34,2025,8
Cliente B,2025-08-29 03:23:14.595,Servicio 3,Producto B,Zona Norte,16,4214.78,15805.42,2025,8
Cliente E,2025-08-30 05:41:37.297,Servicio 2,Producto B,Zona Centro,9,3699.44,13872.9,2025,8
Cliente B,2025-08-31 08:00:00.000,Servicio 3,Producto B,Zona Sur,12,2502.82,9385.58,2025,8
Cliente D,2025-09-01 10:18:22.703,Servicio 1,Producto B,Zona Sur,12,12957.12,48589.2,2025,9
Cliente B,2025-09-02 12:36:45.405,Servicio 2,Producto B,Zona Norte,6,7750.84,29065.65,2025,9
Cliente E,2025-09-03 14:55:08.108,Servicio 3,Producto A,Zona Norte,19,10285.95,38572.31,2025,9
Cliente B,2025-09-04 17:13:30.811,Servicio 2,Producto B,Zona Norte,7,3966.46,14874.22,2025,9
Cliente D,2025-09-05 19:31:53.514,Servicio 1,Producto A,Zona Centro,3,11491.59,43093.46,2025,9
Cliente A,2025-09-06 21:50:16.216,Servicio 3,Producto A,Zona Centro,16,11520.08,43200.3,2025,9
Cliente E,2025-09-08 00:08:38.919,Servicio 1,Producto B,Zona Norte,18,5032.67,18872.51,2025,9
Cliente A,2025-09-09 02:27:01.622,Servicio 1,Producto B,Zona Sur,16,6454.9,24205.88,2025,9
Cliente A,2025-09-10 04:45:24.324,Servicio 2,Producto A,Zona Sur,7,3540.51,13276.91,2025,9
Cliente A,2025-09-11 07:03:47.027,Servicio 3,Producto B,Zona Centro,4,14660.13,54975.49,2025,9
Cliente C,2025-09-12 09:22:09.730,Servicio 1,Producto B,Zona Centro,8,9861.24,36979.65,2025,9
Cliente C,2025-09-13 11:40:32.432,Servicio 1,Producto B,Zona Norte,13,14050.89,52690.84,2025,9
Cliente A,2025-09-14 13:58:55.135,Servicio 3,Producto C,Zona Sur,13,4899.09,18371.59,2025,9
Cliente E,2025-09-15 16:17:17.838,Servicio 1,Producto A,Zona Norte,17,11837.42,44390.32,2025,9
Cliente D,2025-09-16 18:35:40.541,Servicio 1,Producto C,Zona Centro,17,11604.95,43518.56,2025,9
Cliente D,2025-09-17 20:54:03.243,Servicio 3,Producto B,Zona Sur,5,10529.01,39483.79,2025,9
Cliente B,2025-09-18 23:12:25.946,Servicio 3,Producto C,Zona Sur,6,14501.77,54381.64,2025,9
Cliente E,2025-09-20 01:30:48.649,Servicio 3,Producto B,Zona Centro,19,6206.55,23274.56,2025,9
Cliente C,2025-09-21 03:49:11.351,Servicio 3,Producto C,Zona Norte,13,2395.4,8982.75,2025,9
Cliente A,2025-09-22 06:07:34.054,Servicio 2,Producto B,Zona Norte,14,10239.78,38399.18,2025,9
Cliente B,2025-09-23 08:25:56.757,Servicio 3,Producto C,Zona Sur,4,11074.99,41531.21,2025,9
Cliente D,2025-09-24 10:44:19.459,Servicio 2,Producto C,Zona Centro,7,8838.38,33143.92,2025,9
Cliente C,2025-09-25 13:02:42.162,Servicio 2,Producto C,Zona Sur,8,3498.86,13120.72,2025,9
Cliente C,2025-09-26 15:21:04.865,Servicio 2,Producto A,Zona Centro,13,7814.61,29304.79,2025,9
Cliente A,2025-09-27 17:39:27.568,Servicio 1,Producto C,Zona Norte,6,5026.75,18850.31,2025,9
Cliente D,2025-09-28 19:57:50.270,Servicio 2,Producto A,Zona Centro,6,6698.26,25118.48,2025,9
Cliente E,2025-09-29 22:16:12.973,Servicio 2,Producto B,Zona Norte,3,9855.67,36958.76,2025,9
Cliente C,2025-10-01 00:34:35.676,Servicio 1,Producto C,Zona Centro,3,11305.61,42396.04,2025,10
Cliente A,2025-10-02 02:52:58.378,Servicio 1,Producto B,Zona Sur,13,3867.26,14502.22,2025,10
Cliente E,2025-10-03 05:11:21.081,Servicio 1,Producto B,Zona Norte,2,6377.22,23914.58,2025,10
Cliente D,2025-10-04 07:29:43.784,Servicio 3,Producto C,Zona Sur,16,4402.84,16510.65,2025,10
Cliente C,2025-10-05 09:48:06.486,Servicio 1,Producto A,Zona Sur,6,3380.16,12675.6,2025,10
Cliente E,2025-10-06 12:06:29.189,Servicio 1,Producto C,Zona Norte,8,11859.11,44471.66,2025,10
Cliente E,2025-10-07 14:24:51.892,Servicio 2,Producto B,Zona Norte,8,13684.16,51315.6,2025,10
Cliente E,2025-10-08 16:43:14.595,Servicio 1,Producto B,Zona Sur,6,5868.37,22006.39,2025,10
Cliente C,2025-10-09 19:01:37.297,Servicio 3,Producto C,Zona Sur,14,11393.54,42725.78,2025,10
Cliente C,2025-10-10 21:20:00.000,Servicio 1,Producto A,Zona Sur,3,13506.43,50649.11,2025,10
Cliente B,2025-10-11 23:38:22.703,Servicio 3,Producto A,Zona Sur,10,12768.8,47883.0,2025,10
Cliente D,2025-10-13 01:56:45.405,Servicio 1,Producto B,Zona Norte,3,3150.79,11815.46,2025,10
Cliente A,2025-10-14 04:15:08.108,Servicio 1,Producto B,Zona Norte,12,14366.23,53873.36,2025,10
Cliente E,2025-10-15 06:33:30.811,Servicio 1,Producto A,Zona Sur,17,5961.81,22356.79,2025,10
Cliente B,2025-10-16 08:51:53.514,Servicio 1,Producto C,Zona Centro,5,5418.99,20321.21,2025,10
Cliente A,2025-10-17 11:10:16.216,Servicio 3,Producto B,Zona Centro,9,1405.25,5269.69,2025,10
Cliente B,2025-10-18 13:28:38.919,Servicio 3,Producto A,Zona Norte,7,7549.52,28310.7,2025,10
Cliente C,2025-10-19 15:47:01.622,Servicio 2,Producto B,Zona Sur,4,2080.7,7802.62,2025,10
Cliente E,2025-10-20 18:05:24.324,Servicio 3,Producto C,Zona Sur,13,4103.83,15389.36,2025,10
Cliente A,2025-10-21 20:23:47.027,Servicio 1,Producto A,Zona Norte,13,5095.67,19108.76,2025,10
Cliente A,2025-10-22 22:42:09.730,Servicio 2,Producto B,Zona Centro,10,12227.98,45854.92,2025,10
Cliente A,2025-10-24 01:00:32.432,Servicio 2,Producto C,Zona Centro,18,13194.59,49479.71,2025,10
Cliente A,2025-10-25 03:18:55.135,Servicio 2,Producto B,Zona Centro,17,4885.76,18321.6,2025,10
Cliente A,2025-10-26 05:37:17.838,Servicio 1,Producto C,Zona Norte,13,12951.12,48566.7,2025,10
Cliente B,2025-10-27 07:55:40.541,Servicio 3,Producto C,Zona Centro,17,12929.85,48486.94,2025,10
Cliente E,2025-10-28 10:14:03.243,Servicio 1,Producto A,Zona Norte,4,11587.44,43452.9,2025,10
Cliente C,2025-10-29 12:32:25.946,Servicio 2,Producto C,Zona Norte,1,2627.08,9851.55,2025,10
Cliente C,2025-10-30 14:50:48.649,Servicio 1,Producto B,Zona Sur,1,10509.68,39411.3,2025,10
Cliente C,2025-10-31 17:09:11.351,Servicio 1,Producto C,Zona Centro,15,14202.85,53260.69,2025,10
Cliente C,2025-11-01 19:27:34.054,Servicio 3,Producto C,Zona Norte,13,10396.84,38988.15,2025,11
Cliente B,2025-11-02 21:45:56.757,Servicio 3,Producto A,Zona Centro,17,5308.44,19906.65,2025,11
Cliente D,2025-11-04 00:04:19.459,Servicio 2,Producto C,Zona Centro,8,7758.4,29094.0,2025,11
Cliente E,2025-11-05 02:22:42.162,Servicio 1,Producto C,Zona Sur,18,9863.01,36986.29,2025,11
Cliente A,2025-11-06 04:41:04.865,Servicio 1,Producto B,Zona Centro,13,7903.27,29637.26,2025,11
Cliente D,2025-11-07 06:59:27.568,Servicio 3,Producto A,Zona Sur,14,2239.32,8397.45,2025,11
Cliente C,2025-11-08 09:17:50.270,Servicio 1,Producto A,Zona Norte,8,5024.93,18843.49,2025,11
Cliente D,2025-11-09 11:36:12.973,Servicio 1,Producto A,Zona Centro,8,12134.74,45505.28,2025,11
Cliente E,2025-11-10 13:54:35.676,Servicio 1,Producto C,Zona Norte,15,12990.56,48714.6,2025,11
Cliente A,2025-11-11 16:12:58.378,Servicio 3,Producto A,Zona Centro,13,2490.85,9340.69,2025,11
Cliente A,2025-11-12 18:31:21.081,Servicio 2,Producto C,Zona Norte,7,14309.61,53661.04,2025,11
Cliente E,2025-11-13 20:49:43.784,Servicio 2,Producto C,Zona Centro,5,5267.93,19754.74,2025,11
Cliente E,2025-11-14 23:08:06.486,Servicio 1,Producto B,Zona Centro,17,10103.55,37888.31,2025,11
Cliente C,2025-11-16 01:26:29.189,Servicio 2,Producto B,Zona Centro,16,11401.46,42755.48,2025,11
Cliente A,2025-11-17 03:44:51.892,Servicio 3,Producto B,Zona Centro,2,12273.22,46024.58,2025,11
Cliente D,2025-11-18 06:03:14.595,Servicio 3,Producto B,Zona Centro,18,14213.37,53300.14,2025,11
Cliente B,2025-11-19 08:21:37.297,Servicio 2,Producto B,Zona Centro,17,5037.33,18889.99,2025,11
Cliente B,2025-11-20 10:40:00.000,Servicio 2,Producto C,Zona Centro,7,12948.34,48556.28,2025,11
Cliente E,2025-11-21 12:58:22.703,Servicio 1,Producto C,Zona Centro,13,2409.46,9035.48,2025,11
Cliente C,2025-11-22 15:16:45.405,Servicio 2,Producto A,Zona Centro,18,10723.09,40211.59,2025,11
Cliente B,2025-11-23 17:35:08.108,Servicio 1,Producto C,Zona Norte,14,11258.68,42220.05,2025,11
Cliente A,2025-11-24 19:53:30.811,Servicio 1,Producto C,Zona Sur,18,10326.99,38726.21,2025,11
Cliente E,2025-11-25 22:11:53.514,Servicio 3,Producto B,Zona Centro,13,4158.56,15594.6,2025,11
Cliente D,2025-11-27 00:30:16.216,Servicio 3,Producto C,Zona Sur,11,13159.13,49346.74,2025,11
Cliente E,2025-11-28 02:48:38.919,Servicio 3,Producto B,Zona Centro,16,2948.45,11056.69,2025,11
Cliente D,2025-11-29 05:07:01.622,Servicio 3,Producto A,Zona Centro,17,1277.7,4791.38,2025,11
Cliente E,2025-11-30 07:25:24.324,Servicio 2,Producto A,Zona Norte,8,10903.24,40887.15,2025,11
Cliente E,2025-12-01 09:43:47.027,Servicio 3,Producto C,Zona Norte,19,7394.4,27729.0,2025,12
Cliente E,2025-12-02 12:02:09.730,Servicio 2,Producto A,Zona Sur,15,12811.92,48044.7,2025,12
Cliente D,2025-12-03 14:20:32.432,Servicio 3,Producto C,Zona Norte,9,6059.26,22722.22,2025,12
Cliente D,2025-12-04 16:38:55.135,Servicio 2,Producto A,Zona Norte,10,2940.04,11025.15,2025,12
Cliente E,2025-12-05 18:57:17.838,Servicio 1,Producto B,Zona Sur,12,12628.41,47356.54,2025,12
Cliente B,2025-12-06 21:15:40.541,Servicio 2,Producto B,Zona Norte,1,8459.19,31721.96,2025,12
Cliente C,2025-12-07 23:34:03.243,Servicio 2,Producto B,Zona Centro,9,3243.34,12162.53,2025,12
Cliente C,2025-12-09 01:52:25.946,Servicio 3,Producto B,Zona Sur,15,10945.57,41045.89,2025,12
Cliente C,2025-12-10 04:10:48.649,Servicio 2,Producto C,Zona Sur,1,7911.15,29666.81,2025,12
Cliente D,2025-12-11 06:29:11.351,Servicio 1,Producto A,Zona Centro,12,9262.54,34734.52,2025,12
Cliente D,2025-12-12 08:47:34.054,Servicio 1,Producto C,Zona Norte,3,7183.03,26936.36,2025,12
Cliente B,2025-12-13 11:05:56.757,Servicio 3,Producto B,Zona Sur,11,12516.28,46936.05,2025,12
Cliente C,2025-12-14 13:24:19.459,Servicio 1,Producto C,Zona Sur,2,12528.66,46982.48,2025,12
Cliente C,2025-12-15 15:42:42.162,Servicio 2,Producto A,Zona Centro,16,10786.14,40448.02,2025,12
Cliente E,2025-12-16 18:01:04.865,Servicio 1,Producto C,Zona Centro,9,2028.32,7606.2,2025,12
Cliente D,2025-12-17 20:19:27.568,Servicio 3,Producto A,Zona Norte,15,12663.38,47487.68,2025,12
Cliente C,2025-12-18 22:37:50.270,Servicio 2,Producto C,Zona Sur,12,10229.69,38361.34,2025,12
Cliente B,2025-12-20 00:56:12.973,Servicio 3,Producto A,Zona Norte,1,10606.85,39775.69,2025,12
Cliente B,2025-12-21 03:14:35.676,Servicio 2,Producto A,Zona Norte,13,5763.25,21612.19,2025,12
Cliente C,2025-12-22 05:32:58.378,Servicio 1,Producto B,Zona Centro,14,13249.55,49685.81,2025,12
Cliente D,2025-12-23 07:51:21.081,Servicio 3,Producto A,Zona Sur,8,11017.89,41317.09,2025,12
Cliente B,2025-12-24 10:09:43.784,Servicio 3,Producto B,Zona Sur,8,2132.56,7997.1,2025,12
Cliente E,2025-12-25 12:28:06.486,Servicio 2,Producto B,Zona Sur,12,6412.78,24047.92,2025,12
Cliente B,2025-12-26 14:46:29.189,Servicio 3,Producto B,Zona Centro,1,13352.52,50071.95,2025,12
Cliente A,2025-12-27 17:04:51.892,Servicio 2,Producto C,Zona Centro,11,1184.35,4441.31,2025,12
Cliente A,2025-12-28 19:23:14.595,Servicio 2,Producto C,Zona Centro,8,14440.54,54152.02,2025,12
Cliente D,2025-12-29 21:41:37.297,Servicio 2,Producto C,Zona Centro,10,10347.86,38804.48,2025,12
Cliente C,2025-12-31 00:00:00.000,Servicio 2,Producto C,Zona Centro,19,9654.95,36206.06,2025,12
